eqp_id,module_nm,lot_id,cassette_slot,eqp_start_tm,eqp_end_tm,process_tm,eqp_start_iso,eqp_end_iso
4EKFA417,AtmArm-EndEfferctor11,TASJR91,17,0.000000,14.847000,14.820000,2026-04-13 05:53:49.140000,2026-04-13 05:54:03.987000
4EKFA417,AirLock1-iSlot1,TASJR91,17,14.847000,42.560000,27.720000,2026-04-13 05:54:03.987000,2026-04-13 05:54:31.700000
4EKFA417,TransferChamber-EndEffector2,TASJR91,17,42.560000,57.510000,14.950020,2026-04-13 05:54:31.700000,2026-04-13 05:54:46.650000
4EKFA417,PM2-PML1,TASJR91,17,57.510000,238.430000,180.919980,2026-04-13 05:54:46.650000,2026-04-13 05:57:47.570000
4EKFA417,TransferChamber-EndEffector2,TASJR91,17,238.430000,245.200000,6.769980,2026-04-13 05:57:47.570000,2026-04-13 05:57:54.340000
4EKFA417,PM5-PML1,TASJR91,17,245.200000,302.590000,57.390000,2026-04-13 05:57:54.340000,2026-04-13 05:58:51.730000
4EKFA417,TransferChamber-EndEffector2,TASJR91,17,302.590000,306.930000,4.339980,2026-04-13 05:58:51.730000,2026-04-13 05:58:56.070000
4EKFA417,AirLock2-oSlot1,TASJR91,17,306.930000,327.890000,2.095998,2026-04-13 05:58:56.070000,2026-04-13 05:59:17.030000
4EKFA417,AtmArm-EndEffector11,TASJR91,17,327.890000,332.842000,4.950000,2026-04-13 05:59:17.030000,2026-04-13 05:59:21.982000
4EKFA417,CoolStationAL1PM7,TASJR91,17,332.842000,576.855000,244.009980,2026-04-13 05:59:21.982000,2026-04-13 06:03:25.995000
4EKFA417,AtmArm-EndEffector11,TASJR91,17,576.855000,580.420000,3.570000,2026-04-13 06:03:25.995000,2026-04-13 06:03:29.560000
4EKFA417,CoolStationAL3PML17,TASJR91,17,580.420000,943.960000,363.540000,2026-04-13 06:03:29.560000,2026-04-13 06:09:33.100000
4EKFA417,AtmArm-EndEfferctor11,TASJR91,17,943.960000,946.530000,2.569980,2026-04-13 06:09:33.100000,2026-04-13 06:09:35.670000
4EKFA417,AtmArm-EndEfferctor11,TASJR91,9,731.970000,746.220000,14.250000,2026-04-13 06:06:01.110000,2026-04-13 06:06:15.360000
4EKFA417,AirLock1-iSlot1,TASJR91,9,746.220000,808.920000,62.700000,2026-04-13 06:06:15.360000,2026-04-13 06:07:18.060000
4EKFA417,TransferChamber-EndEffector2,TASJR91,9,808.920000,857.260000,48.360000,2026-04-13 06:07:18.060000,2026-04-13 06:08:06.400000
4EKFA417,PM3PML1,TASJR91,9,857.260000,1036.460000,179.149980,2026-04-13 06:08:06.400000,2026-04-13 06:11:05.600000
4EKFA417,TransferChamber-EndEffector2,TASJR91,9,1036.460000,1042.460000,6.000000,2026-04-13 06:11:05.600000,2026-04-13 06:11:11.600000
4EKFA417,PM5-PML1,TASJR91,9,1042.460000,1100.860000,58.390020,2026-04-13 06:11:11.600000,2026-04-13 06:12:10.000000
4EKFA417,TransferChamber-EndEffector2,TASJR91,9,1100.860000,1103.860000,3.000000,2026-04-13 06:12:10.000000,2026-04-13 06:12:13.000000
4EKFA417,AirLock2-oSlot1,TASJR91,9,1103.860000,1126.260000,22.429980,2026-04-13 06:12:13.000000,2026-04-13 06:12:35.400000
4EKFA417,AtmArm-EndEffector11,TASJR91,9,1126.260000,1130.560000,4.260000,2026-04-13 06:12:35.400000,2026-04-13 06:12:39.700000
4EKFA417,CoolStationAL1PML5,TASJR91,9,1130.560000,1380.560000,250.069980,2026-04-13 06:12:39.700000,2026-04-13 06:16:49.700000
4EKFA417,AtmArm-EndEffector11,TASJR91,9,1380.560000,1385.260000,4.699980,2026-04-13 06:16:49.700000,2026-04-13 06:16:54.400000
4EKFA417,CoolStationAL4PML9,TASJR91,9,1385.260000,1768.060000,382.780020,2026-04-13 06:16:54.400000,2026-04-13 06:23:17.200000
4EKFA417,AtmArm-EndEffector11,TASJR91,9,1768.060000,1773.660000,5.530020,2026-04-13 06:23:17.200000,2026-04-13 06:23:22.800000
4EKFA417,AtmArm-EndEfferctor11,TASJR91,17,1833.660000,1848.507000,14.820000,2026-04-13 06:24:22.800000,2026-04-13 06:24:37.647000
4EKFA417,AirLock1-iSlot1,TASJR91,17,1848.507000,1876.220000,27.720000,2026-04-13 06:24:37.647000,2026-04-13 06:25:05.360000
4EKFA417,TransferChamber-EndEffector2,TASJR91,17,1876.220000,1891.170000,14.950020,2026-04-13 06:25:05.360000,2026-04-13 06:25:20.310000
4EKFA417,PM2-PML1,TASJR91,17,1891.170000,2072.090000,180.919980,2026-04-13 06:25:20.310000,2026-04-13 06:28:21.230000
4EKFA417,TransferChamber-EndEffector2,TASJR91,17,2072.090000,2078.860000,6.769980,2026-04-13 06:28:21.230000,2026-04-13 06:28:28.000000
4EKFA417,PM5-PML1,TASJR91,17,2078.860000,2136.250000,57.390000,2026-04-13 06:28:28.000000,2026-04-13 06:29:25.390000
4EKFA417,TransferChamber-EndEffector2,TASJR91,17,2136.250000,2140.590000,4.339980,2026-04-13 06:29:25.390000,2026-04-13 06:29:29.730000
4EKFA417,AirLock2-oSlot1,TASJR91,17,2140.590000,2161.550000,2.095998,2026-04-13 06:29:29.730000,2026-04-13 06:29:50.690000
4EKFA417,AtmArm-EndEffector11,TASJR91,17,2161.550000,2166.502000,4.950000,2026-04-13 06:29:50.690000,2026-04-13 06:29:55.642000
4EKFA417,CoolStationAL1PM7,TASJR91,17,2166.502000,2410.515000,244.009980,2026-04-13 06:29:55.642000,2026-04-13 06:33:59.655000
4EKFA417,AtmArm-EndEffector11,TASJR91,17,2410.515000,2414.080000,3.570000,2026-04-13 06:33:59.655000,2026-04-13 06:34:03.220000
4EKFA417,CoolStationAL3PML17,TASJR91,17,2414.080000,2777.620000,363.540000,2026-04-13 06:34:03.220000,2026-04-13 06:40:06.760000
4EKFA417,AtmArm-EndEfferctor11,TASJR91,17,2777.620000,2780.190000,2.569980,2026-04-13 06:40:06.760000,2026-04-13 06:40:09.330000
4EKFA417,AtmArm-EndEfferctor11,TASJR91,9,2565.630000,2579.880000,14.250000,2026-04-13 06:36:34.770000,2026-04-13 06:36:49.020000
4EKFA417,AirLock1-iSlot1,TASJR91,9,2579.880000,2642.580000,62.700000,2026-04-13 06:36:49.020000,2026-04-13 06:37:51.720000
4EKFA417,TransferChamber-EndEffector2,TASJR91,9,2642.580000,2690.920000,48.360000,2026-04-13 06:37:51.720000,2026-04-13 06:38:40.060000
4EKFA417,PM3PML1,TASJR91,9,2690.920000,2870.120000,179.149980,2026-04-13 06:38:40.060000,2026-04-13 06:41:39.260000
4EKFA417,TransferChamber-EndEffector2,TASJR91,9,2870.120000,2876.120000,6.000000,2026-04-13 06:41:39.260000,2026-04-13 06:41:45.260000
4EKFA417,PM5-PML1,TASJR91,9,2876.120000,2934.520000,58.390020,2026-04-13 06:41:45.260000,2026-04-13 06:42:43.660000
4EKFA417,TransferChamber-EndEffector2,TASJR91,9,2934.520000,2937.520000,3.000000,2026-04-13 06:42:43.660000,2026-04-13 06:42:46.660000
4EKFA417,AirLock2-oSlot1,TASJR91,9,2937.520000,2959.920000,22.429980,2026-04-13 06:42:46.660000,2026-04-13 06:43:09.060000
4EKFA417,AtmArm-EndEffector11,TASJR91,9,2959.920000,2964.220000,4.260000,2026-04-13 06:43:09.060000,2026-04-13 06:43:13.360000
4EKFA417,CoolStationAL1PML5,TASJR91,9,2964.220000,3214.220000,250.069980,2026-04-13 06:43:13.360000,2026-04-13 06:47:23.360000
4EKFA417,AtmArm-EndEffector11,TASJR91,9,3214.220000,3218.920000,4.699980,2026-04-13 06:47:23.360000,2026-04-13 06:47:28.060000
4EKFA417,CoolStationAL4PML9,TASJR91,9,3218.920000,3601.720000,382.780020,2026-04-13 06:47:28.060000,2026-04-13 06:53:50.860000
4EKFA417,AtmArm-EndEffector11,TASJR91,9,3601.720000,3607.320000,5.530020,2026-04-13 06:53:50.860000,2026-04-13 06:53:56.460000
4EKFA417,AtmArm-EndEfferctor11,TASJR91,17,3667.320000,3682.167000,14.820000,2026-04-13 06:54:56.460000,2026-04-13 06:55:11.307000
4EKFA417,AirLock1-iSlot1,TASJR91,17,3682.167000,3709.880000,27.720000,2026-04-13 06:55:11.307000,2026-04-13 06:55:39.020000
4EKFA417,TransferChamber-EndEffector2,TASJR91,17,3709.880000,3724.830000,14.950020,2026-04-13 06:55:39.020000,2026-04-13 06:55:53.970000
4EKFA417,PM2-PML1,TASJR91,17,3724.830000,3905.750000,180.919980,2026-04-13 06:55:53.970000,2026-04-13 06:58:54.890000
4EKFA417,TransferChamber-EndEffector2,TASJR91,17,3905.750000,3912.520000,6.769980,2026-04-13 06:58:54.890000,2026-04-13 06:59:01.660000
4EKFA417,PM5-PML1,TASJR91,17,3912.520000,3969.910000,57.390000,2026-04-13 06:59:01.660000,2026-04-13 06:59:59.050000
4EKFA417,TransferChamber-EndEffector2,TASJR91,17,3969.910000,3974.250000,4.339980,2026-04-13 06:59:59.050000,2026-04-13 07:00:03.390000
4EKFA417,AirLock2-oSlot1,TASJR91,17,3974.250000,3995.210000,2.095998,2026-04-13 07:00:03.390000,2026-04-13 07:00:24.350000
4EKFA417,AtmArm-EndEffector11,TASJR91,17,3995.210000,4000.162000,4.950000,2026-04-13 07:00:24.350000,2026-04-13 07:00:29.302000
4EKFA417,CoolStationAL1PM7,TASJR91,17,4000.162000,4244.175000,244.009980,2026-04-13 07:00:29.302000,2026-04-13 07:04:33.315000
4EKFA417,AtmArm-EndEffector11,TASJR91,17,4244.175000,4247.740000,3.570000,2026-04-13 07:04:33.315000,2026-04-13 07:04:36.880000
4EKFA417,CoolStationAL3PML17,TASJR91,17,4247.740000,4611.280000,363.540000,2026-04-13 07:04:36.880000,2026-04-13 07:10:40.420000
4EKFA417,AtmArm-EndEfferctor11,TASJR91,17,4611.280000,4613.850000,2.569980,2026-04-13 07:10:40.420000,2026-04-13 07:10:42.990000
4EKFA417,AtmArm-EndEfferctor11,TASJR91,9,4399.290000,4413.540000,14.250000,2026-04-13 07:07:08.430000,2026-04-13 07:07:22.680000
4EKFA417,AirLock1-iSlot1,TASJR91,9,4413.540000,4476.240000,62.700000,2026-04-13 07:07:22.680000,2026-04-13 07:08:25.380000
4EKFA417,TransferChamber-EndEffector2,TASJR91,9,4476.240000,4524.580000,48.360000,2026-04-13 07:08:25.380000,2026-04-13 07:09:13.720000
4EKFA417,PM3PML1,TASJR91,9,4524.580000,4703.780000,179.149980,2026-04-13 07:09:13.720000,2026-04-13 07:12:12.920000
4EKFA417,TransferChamber-EndEffector2,TASJR91,9,4703.780000,4709.780000,6.000000,2026-04-13 07:12:12.920000,2026-04-13 07:12:18.920000
4EKFA417,PM5-PML1,TASJR91,9,4709.780000,4768.180000,58.390020,2026-04-13 07:12:18.920000,2026-04-13 07:13:17.320000
4EKFA417,TransferChamber-EndEffector2,TASJR91,9,4768.180000,4771.180000,3.000000,2026-04-13 07:13:17.320000,2026-04-13 07:13:20.320000
4EKFA417,AirLock2-oSlot1,TASJR91,9,4771.180000,4793.580000,22.429980,2026-04-13 07:13:20.320000,2026-04-13 07:13:42.720000
4EKFA417,AtmArm-EndEffector11,TASJR91,9,4793.580000,4797.880000,4.260000,2026-04-13 07:13:42.720000,2026-04-13 07:13:47.020000
4EKFA417,CoolStationAL1PML5,TASJR91,9,4797.880000,5047.880000,250.069980,2026-04-13 07:13:47.020000,2026-04-13 07:17:57.020000
4EKFA417,AtmArm-EndEffector11,TASJR91,9,5047.880000,5052.580000,4.699980,2026-04-13 07:17:57.020000,2026-04-13 07:18:01.720000
4EKFA417,CoolStationAL4PML9,TASJR91,9,5052.580000,5435.380000,382.780020,2026-04-13 07:18:01.720000,2026-04-13 07:24:24.520000
4EKFA417,AtmArm-EndEffector11,TASJR91,9,5435.380000,5440.980000,5.530020,2026-04-13 07:24:24.520000,2026-04-13 07:24:30.120000
4EKFA417,AtmArm-EndEfferctor11,TASJR91,17,5500.980000,5515.827000,14.820000,2026-04-13 07:25:30.120000,2026-04-13 07:25:44.967000
4EKFA417,AirLock1-iSlot1,TASJR91,17,5515.827000,5543.540000,27.720000,2026-04-13 07:25:44.967000,2026-04-13 07:26:12.680000
4EKFA417,TransferChamber-EndEffector2,TASJR91,17,5543.540000,5558.490000,14.950020,2026-04-13 07:26:12.680000,2026-04-13 07:26:27.630000
4EKFA417,PM2-PML1,TASJR91,17,5558.490000,5739.410000,180.919980,2026-04-13 07:26:27.630000,2026-04-13 07:29:28.550000
4EKFA417,TransferChamber-EndEffector2,TASJR91,17,5739.410000,5746.180000,6.769980,2026-04-13 07:29:28.550000,2026-04-13 07:29:35.320000
4EKFA417,PM5-PML1,TASJR91,17,5746.180000,5803.570000,57.390000,2026-04-13 07:29:35.320000,2026-04-13 07:30:32.710000
4EKFA417,TransferChamber-EndEffector2,TASJR91,17,5803.570000,5807.910000,4.339980,2026-04-13 07:30:32.710000,2026-04-13 07:30:37.050000
4EKFA417,AirLock2-oSlot1,TASJR91,17,5807.910000,5828.870000,2.095998,2026-04-13 07:30:37.050000,2026-04-13 07:30:58.010000
4EKFA417,AtmArm-EndEffector11,TASJR91,17,5828.870000,5833.822000,4.950000,2026-04-13 07:30:58.010000,2026-04-13 07:31:02.962000
4EKFA417,CoolStationAL1PM7,TASJR91,17,5833.822000,6077.835000,244.009980,2026-04-13 07:31:02.962000,2026-04-13 07:35:06.975000
4EKFA417,AtmArm-EndEffector11,TASJR91,17,6077.835000,6081.400000,3.570000,2026-04-13 07:35:06.975000,2026-04-13 07:35:10.540000
4EKFA417,CoolStationAL3PML17,TASJR91,17,6081.400000,6444.940000,363.540000,2026-04-13 07:35:10.540000,2026-04-13 07:41:14.080000
4EKFA417,AtmArm-EndEfferctor11,TASJR91,17,6444.940000,6447.510000,2.569980,2026-04-13 07:41:14.080000,2026-04-13 07:41:16.650000
4EKFA417,AtmArm-EndEfferctor11,TASJR91,9,6232.950000,6247.200000,14.250000,2026-04-13 07:37:42.090000,2026-04-13 07:37:56.340000
4EKFA417,AirLock1-iSlot1,TASJR91,9,6247.200000,6309.900000,62.700000,2026-04-13 07:37:56.340000,2026-04-13 07:38:59.040000
4EKFA417,TransferChamber-EndEffector2,TASJR91,9,6309.900000,6358.240000,48.360000,2026-04-13 07:38:59.040000,2026-04-13 07:39:47.380000
4EKFA417,PM3PML1,TASJR91,9,6358.240000,6537.440000,179.149980,2026-04-13 07:39:47.380000,2026-04-13 07:42:46.580000
4EKFA417,TransferChamber-EndEffector2,TASJR91,9,6537.440000,6543.440000,6.000000,2026-04-13 07:42:46.580000,2026-04-13 07:42:52.580000
4EKFA417,PM5-PML1,TASJR91,9,6543.440000,6601.840000,58.390020,2026-04-13 07:42:52.580000,2026-04-13 07:43:50.980000
4EKFA417,TransferChamber-EndEffector2,TASJR91,9,6601.840000,6604.840000,3.000000,2026-04-13 07:43:50.980000,2026-04-13 07:43:53.980000
4EKFA417,AirLock2-oSlot1,TASJR91,9,6604.840000,6627.240000,22.429980,2026-04-13 07:43:53.980000,2026-04-13 07:44:16.380000
4EKFA417,AtmArm-EndEffector11,TASJR91,9,6627.240000,6631.540000,4.260000,2026-04-13 07:44:16.380000,2026-04-13 07:44:20.680000
4EKFA417,CoolStationAL1PML5,TASJR91,9,6631.540000,6881.540000,250.069980,2026-04-13 07:44:20.680000,2026-04-13 07:48:30.680000
4EKFA417,AtmArm-EndEffector11,TASJR91,9,6881.540000,6886.240000,4.699980,2026-04-13 07:48:30.680000,2026-04-13 07:48:35.380000
4EKFA417,CoolStationAL4PML9,TASJR91,9,6886.240000,7269.040000,382.780020,2026-04-13 07:48:35.380000,2026-04-13 07:54:58.180000
4EKFA417,AtmArm-EndEffector11,TASJR91,9,7269.040000,7274.640000,5.530020,2026-04-13 07:54:58.180000,2026-04-13 07:55:03.780000
4EKFA417,AtmArm-EndEfferctor11,TASJR91,17,7334.640000,7349.487000,14.820000,2026-04-13 07:56:03.780000,2026-04-13 07:56:18.627000
4EKFA417,AirLock1-iSlot1,TASJR91,17,7349.487000,7377.200000,27.720000,2026-04-13 07:56:18.627000,2026-04-13 07:56:46.340000
4EKFA417,TransferChamber-EndEffector2,TASJR91,17,7377.200000,7392.150000,14.950020,2026-04-13 07:56:46.340000,2026-04-13 07:57:01.290000
4EKFA417,PM2-PML1,TASJR91,17,7392.150000,7573.070000,180.919980,2026-04-13 07:57:01.290000,2026-04-13 08:00:02.210000
4EKFA417,TransferChamber-EndEffector2,TASJR91,17,7573.070000,7579.840000,6.769980,2026-04-13 08:00:02.210000,2026-04-13 08:00:08.980000
4EKFA417,PM5-PML1,TASJR91,17,7579.840000,7637.230000,57.390000,2026-04-13 08:00:08.980000,2026-04-13 08:01:06.370000
4EKFA417,TransferChamber-EndEffector2,TASJR91,17,7637.230000,7641.570000,4.339980,2026-04-13 08:01:06.370000,2026-04-13 08:01:10.710000
4EKFA417,AirLock2-oSlot1,TASJR91,17,7641.570000,7662.530000,2.095998,2026-04-13 08:01:10.710000,2026-04-13 08:01:31.670000
4EKFA417,AtmArm-EndEffector11,TASJR91,17,7662.530000,7667.482000,4.950000,2026-04-13 08:01:31.670000,2026-04-13 08:01:36.622000
4EKFA417,CoolStationAL1PM7,TASJR91,17,7667.482000,7911.495000,244.009980,2026-04-13 08:01:36.622000,2026-04-13 08:05:40.635000
4EKFA417,AtmArm-EndEffector11,TASJR91,17,7911.495000,7915.060000,3.570000,2026-04-13 08:05:40.635000,2026-04-13 08:05:44.200000
4EKFA417,CoolStationAL3PML17,TASJR91,17,7915.060000,8278.600000,363.540000,2026-04-13 08:05:44.200000,2026-04-13 08:11:47.740000
4EKFA417,AtmArm-EndEfferctor11,TASJR91,17,8278.600000,8281.170000,2.569980,2026-04-13 08:11:47.740000,2026-04-13 08:11:50.310000
4EKFA417,AtmArm-EndEfferctor11,TASJR91,9,8066.610000,8080.860000,14.250000,2026-04-13 08:08:15.750000,2026-04-13 08:08:30.000000
4EKFA417,AirLock1-iSlot1,TASJR91,9,8080.860000,8143.560000,62.700000,2026-04-13 08:08:30.000000,2026-04-13 08:09:32.700000
4EKFA417,TransferChamber-EndEffector2,TASJR91,9,8143.560000,8191.900000,48.360000,2026-04-13 08:09:32.700000,2026-04-13 08:10:21.040000
4EKFA417,PM3PML1,TASJR91,9,8191.900000,8371.100000,179.149980,2026-04-13 08:10:21.040000,2026-04-13 08:13:20.240000
4EKFA417,TransferChamber-EndEffector2,TASJR91,9,8371.100000,8377.100000,6.000000,2026-04-13 08:13:20.240000,2026-04-13 08:13:26.240000
4EKFA417,PM5-PML1,TASJR91,9,8377.100000,8435.500000,58.390020,2026-04-13 08:13:26.240000,2026-04-13 08:14:24.640000
4EKFA417,TransferChamber-EndEffector2,TASJR91,9,8435.500000,8438.500000,3.000000,2026-04-13 08:14:24.640000,2026-04-13 08:14:27.640000
4EKFA417,AirLock2-oSlot1,TASJR91,9,8438.500000,8460.900000,22.429980,2026-04-13 08:14:27.640000,2026-04-13 08:14:50.040000
4EKFA417,AtmArm-EndEffector11,TASJR91,9,8460.900000,8465.200000,4.260000,2026-04-13 08:14:50.040000,2026-04-13 08:14:54.340000
4EKFA417,CoolStationAL1PML5,TASJR91,9,8465.200000,8715.200000,250.069980,2026-04-13 08:14:54.340000,2026-04-13 08:19:04.340000
4EKFA417,AtmArm-EndEffector11,TASJR91,9,8715.200000,8719.900000,4.699980,2026-04-13 08:19:04.340000,2026-04-13 08:19:09.040000
4EKFA417,CoolStationAL4PML9,TASJR91,9,8719.900000,9102.700000,382.780020,2026-04-13 08:19:09.040000,2026-04-13 08:25:31.840000
4EKFA417,AtmArm-EndEffector11,TASJR91,9,9102.700000,9108.300000,5.530020,2026-04-13 08:25:31.840000,2026-04-13 08:25:37.440000
4EKFA417,AtmArm-EndEfferctor11,TASJR91,17,9168.300000,9183.147000,14.820000,2026-04-13 08:26:37.440000,2026-04-13 08:26:52.287000
4EKFA417,AirLock1-iSlot1,TASJR91,17,9183.147000,9210.860000,27.720000,2026-04-13 08:26:52.287000,2026-04-13 08:27:20.000000
4EKFA417,TransferChamber-EndEffector2,TASJR91,17,9210.860000,9225.810000,14.950020,2026-04-13 08:27:20.000000,2026-04-13 08:27:34.950000
4EKFA417,PM2-PML1,TASJR91,17,9225.810000,9406.730000,180.919980,2026-04-13 08:27:34.950000,2026-04-13 08:30:35.870000
4EKFA417,TransferChamber-EndEffector2,TASJR91,17,9406.730000,9413.500000,6.769980,2026-04-13 08:30:35.870000,2026-04-13 08:30:42.640000
4EKFA417,PM5-PML1,TASJR91,17,9413.500000,9470.890000,57.390000,2026-04-13 08:30:42.640000,2026-04-13 08:31:40.030000
4EKFA417,TransferChamber-EndEffector2,TASJR91,17,9470.890000,9475.230000,4.339980,2026-04-13 08:31:40.030000,2026-04-13 08:31:44.370000
4EKFA417,AirLock2-oSlot1,TASJR91,17,9475.230000,9496.190000,2.095998,2026-04-13 08:31:44.370000,2026-04-13 08:32:05.330000
4EKFA417,AtmArm-EndEffector11,TASJR91,17,9496.190000,9501.142000,4.950000,2026-04-13 08:32:05.330000,2026-04-13 08:32:10.282000
4EKFA417,CoolStationAL1PM7,TASJR91,17,9501.142000,9745.155000,244.009980,2026-04-13 08:32:10.282000,2026-04-13 08:36:14.295000
4EKFA417,AtmArm-EndEffector11,TASJR91,17,9745.155000,9748.720000,3.570000,2026-04-13 08:36:14.295000,2026-04-13 08:36:17.860000
4EKFA417,CoolStationAL3PML17,TASJR91,17,9748.720000,10112.260000,363.540000,2026-04-13 08:36:17.860000,2026-04-13 08:42:21.400000
4EKFA417,AtmArm-EndEfferctor11,TASJR91,17,10112.260000,10114.830000,2.569980,2026-04-13 08:42:21.400000,2026-04-13 08:42:23.970000
4EKFA417,AtmArm-EndEfferctor11,TASJR91,9,9900.270000,9914.520000,14.250000,2026-04-13 08:38:49.410000,2026-04-13 08:39:03.660000
4EKFA417,AirLock1-iSlot1,TASJR91,9,9914.520000,9977.220000,62.700000,2026-04-13 08:39:03.660000,2026-04-13 08:40:06.360000
4EKFA417,TransferChamber-EndEffector2,TASJR91,9,9977.220000,10025.560000,48.360000,2026-04-13 08:40:06.360000,2026-04-13 08:40:54.700000
4EKFA417,PM3PML1,TASJR91,9,10025.560000,10204.760000,179.149980,2026-04-13 08:40:54.700000,2026-04-13 08:43:53.900000
4EKFA417,TransferChamber-EndEffector2,TASJR91,9,10204.760000,10210.760000,6.000000,2026-04-13 08:43:53.900000,2026-04-13 08:43:59.900000
4EKFA417,PM5-PML1,TASJR91,9,10210.760000,10269.160000,58.390020,2026-04-13 08:43:59.900000,2026-04-13 08:44:58.300000
4EKFA417,TransferChamber-EndEffector2,TASJR91,9,10269.160000,10272.160000,3.000000,2026-04-13 08:44:58.300000,2026-04-13 08:45:01.300000
4EKFA417,AirLock2-oSlot1,TASJR91,9,10272.160000,10294.560000,22.429980,2026-04-13 08:45:01.300000,2026-04-13 08:45:23.700000
4EKFA417,AtmArm-EndEffector11,TASJR91,9,10294.560000,10298.860000,4.260000,2026-04-13 08:45:23.700000,2026-04-13 08:45:28.000000
4EKFA417,CoolStationAL1PML5,TASJR91,9,10298.860000,10548.860000,250.069980,2026-04-13 08:45:28.000000,2026-04-13 08:49:38.000000
4EKFA417,AtmArm-EndEffector11,TASJR91,9,10548.860000,10553.560000,4.699980,2026-04-13 08:49:38.000000,2026-04-13 08:49:42.700000
4EKFA417,CoolStationAL4PML9,TASJR91,9,10553.560000,10936.360000,382.780020,2026-04-13 08:49:42.700000,2026-04-13 08:56:05.500000
4EKFA417,AtmArm-EndEffector11,TASJR91,9,10936.360000,10941.960000,5.530020,2026-04-13 08:56:05.500000,2026-04-13 08:56:11.100000
4EKFA417,AtmArm-EndEfferctor11,TASJR91,17,11001.960000,11016.807000,14.820000,2026-04-13 08:57:11.100000,2026-04-13 08:57:25.947000
4EKFA417,AirLock1-iSlot1,TASJR91,17,11016.807000,11044.520000,27.720000,2026-04-13 08:57:25.947000,2026-04-13 08:57:53.660000
4EKFA417,TransferChamber-EndEffector2,TASJR91,17,11044.520000,11059.470000,14.950020,2026-04-13 08:57:53.660000,2026-04-13 08:58:08.610000
4EKFA417,PM2-PML1,TASJR91,17,11059.470000,11240.390000,180.919980,2026-04-13 08:58:08.610000,2026-04-13 09:01:09.530000
4EKFA417,TransferChamber-EndEffector2,TASJR91,17,11240.390000,11247.160000,6.769980,2026-04-13 09:01:09.530000,2026-04-13 09:01:16.300000
4EKFA417,PM5-PML1,TASJR91,17,11247.160000,11304.550000,57.390000,2026-04-13 09:01:16.300000,2026-04-13 09:02:13.690000
4EKFA417,TransferChamber-EndEffector2,TASJR91,17,11304.550000,11308.890000,4.339980,2026-04-13 09:02:13.690000,2026-04-13 09:02:18.030000
4EKFA417,AirLock2-oSlot1,TASJR91,17,11308.890000,11329.850000,2.095998,2026-04-13 09:02:18.030000,2026-04-13 09:02:38.990000
4EKFA417,AtmArm-EndEffector11,TASJR91,17,11329.850000,11334.802000,4.950000,2026-04-13 09:02:38.990000,2026-04-13 09:02:43.942000
4EKFA417,CoolStationAL1PM7,TASJR91,17,11334.802000,11578.815000,244.009980,2026-04-13 09:02:43.942000,2026-04-13 09:06:47.955000
4EKFA417,AtmArm-EndEffector11,TASJR91,17,11578.815000,11582.380000,3.570000,2026-04-13 09:06:47.955000,2026-04-13 09:06:51.520000
4EKFA417,CoolStationAL3PML17,TASJR91,17,11582.380000,11945.920000,363.540000,2026-04-13 09:06:51.520000,2026-04-13 09:12:55.060000
4EKFA417,AtmArm-EndEfferctor11,TASJR91,17,11945.920000,11948.490000,2.569980,2026-04-13 09:12:55.060000,2026-04-13 09:12:57.630000
4EKFA417,AtmArm-EndEfferctor11,TASJR91,9,11733.930000,11748.180000,14.250000,2026-04-13 09:09:23.070000,2026-04-13 09:09:37.320000
4EKFA417,AirLock1-iSlot1,TASJR91,9,11748.180000,11810.880000,62.700000,2026-04-13 09:09:37.320000,2026-04-13 09:10:40.020000
4EKFA417,TransferChamber-EndEffector2,TASJR91,9,11810.880000,11859.220000,48.360000,2026-04-13 09:10:40.020000,2026-04-13 09:11:28.360000
4EKFA417,PM3PML1,TASJR91,9,11859.220000,12038.420000,179.149980,2026-04-13 09:11:28.360000,2026-04-13 09:14:27.560000
4EKFA417,TransferChamber-EndEffector2,TASJR91,9,12038.420000,12044.420000,6.000000,2026-04-13 09:14:27.560000,2026-04-13 09:14:33.560000
4EKFA417,PM5-PML1,TASJR91,9,12044.420000,12102.820000,58.390020,2026-04-13 09:14:33.560000,2026-04-13 09:15:31.960000
4EKFA417,TransferChamber-EndEffector2,TASJR91,9,12102.820000,12105.820000,3.000000,2026-04-13 09:15:31.960000,2026-04-13 09:15:34.960000
4EKFA417,AirLock2-oSlot1,TASJR91,9,12105.820000,12128.220000,22.429980,2026-04-13 09:15:34.960000,2026-04-13 09:15:57.360000
4EKFA417,AtmArm-EndEffector11,TASJR91,9,12128.220000,12132.520000,4.260000,2026-04-13 09:15:57.360000,2026-04-13 09:16:01.660000
4EKFA417,CoolStationAL1PML5,TASJR91,9,12132.520000,12382.520000,250.069980,2026-04-13 09:16:01.660000,2026-04-13 09:20:11.660000
4EKFA417,AtmArm-EndEffector11,TASJR91,9,12382.520000,12387.220000,4.699980,2026-04-13 09:20:11.660000,2026-04-13 09:20:16.360000
4EKFA417,CoolStationAL4PML9,TASJR91,9,12387.220000,12770.020000,382.780020,2026-04-13 09:20:16.360000,2026-04-13 09:26:39.160000
4EKFA417,AtmArm-EndEffector11,TASJR91,9,12770.020000,12775.620000,5.530020,2026-04-13 09:26:39.160000,2026-04-13 09:26:44.760000
4EKFA417,AtmArm-EndEfferctor11,TASJR91,17,12835.620000,12850.467000,14.820000,2026-04-13 09:27:44.760000,2026-04-13 09:27:59.607000
4EKFA417,AirLock1-iSlot1,TASJR91,17,12850.467000,12878.180000,27.720000,2026-04-13 09:27:59.607000,2026-04-13 09:28:27.320000
4EKFA417,TransferChamber-EndEffector2,TASJR91,17,12878.180000,12893.130000,14.950020,2026-04-13 09:28:27.320000,2026-04-13 09:28:42.270000
4EKFA417,PM2-PML1,TASJR91,17,12893.130000,13074.050000,180.919980,2026-04-13 09:28:42.270000,2026-04-13 09:31:43.190000
4EKFA417,TransferChamber-EndEffector2,TASJR91,17,13074.050000,13080.820000,6.769980,2026-04-13 09:31:43.190000,2026-04-13 09:31:49.960000
4EKFA417,PM5-PML1,TASJR91,17,13080.820000,13138.210000,57.390000,2026-04-13 09:31:49.960000,2026-04-13 09:32:47.350000
4EKFA417,TransferChamber-EndEffector2,TASJR91,17,13138.210000,13142.550000,4.339980,2026-04-13 09:32:47.350000,2026-04-13 09:32:51.690000
4EKFA417,AirLock2-oSlot1,TASJR91,17,13142.550000,13163.510000,2.095998,2026-04-13 09:32:51.690000,2026-04-13 09:33:12.650000
4EKFA417,AtmArm-EndEffector11,TASJR91,17,13163.510000,13168.462000,4.950000,2026-04-13 09:33:12.650000,2026-04-13 09:33:17.602000
4EKFA417,CoolStationAL1PM7,TASJR91,17,13168.462000,13412.475000,244.009980,2026-04-13 09:33:17.602000,2026-04-13 09:37:21.615000
4EKFA417,AtmArm-EndEffector11,TASJR91,17,13412.475000,13416.040000,3.570000,2026-04-13 09:37:21.615000,2026-04-13 09:37:25.180000
4EKFA417,CoolStationAL3PML17,TASJR91,17,13416.040000,13779.580000,363.540000,2026-04-13 09:37:25.180000,2026-04-13 09:43:28.720000
4EKFA417,AtmArm-EndEfferctor11,TASJR91,17,13779.580000,13782.150000,2.569980,2026-04-13 09:43:28.720000,2026-04-13 09:43:31.290000
4EKFA417,AtmArm-EndEfferctor11,TASJR91,9,13567.590000,13581.840000,14.250000,2026-04-13 09:39:56.730000,2026-04-13 09:40:10.980000
4EKFA417,AirLock1-iSlot1,TASJR91,9,13581.840000,13644.540000,62.700000,2026-04-13 09:40:10.980000,2026-04-13 09:41:13.680000
4EKFA417,TransferChamber-EndEffector2,TASJR91,9,13644.540000,13692.880000,48.360000,2026-04-13 09:41:13.680000,2026-04-13 09:42:02.020000
4EKFA417,PM3PML1,TASJR91,9,13692.880000,13872.080000,179.149980,2026-04-13 09:42:02.020000,2026-04-13 09:45:01.220000
4EKFA417,TransferChamber-EndEffector2,TASJR91,9,13872.080000,13878.080000,6.000000,2026-04-13 09:45:01.220000,2026-04-13 09:45:07.220000
4EKFA417,PM5-PML1,TASJR91,9,13878.080000,13936.480000,58.390020,2026-04-13 09:45:07.220000,2026-04-13 09:46:05.620000
4EKFA417,TransferChamber-EndEffector2,TASJR91,9,13936.480000,13939.480000,3.000000,2026-04-13 09:46:05.620000,2026-04-13 09:46:08.620000
4EKFA417,AirLock2-oSlot1,TASJR91,9,13939.480000,13961.880000,22.429980,2026-04-13 09:46:08.620000,2026-04-13 09:46:31.020000
4EKFA417,AtmArm-EndEffector11,TASJR91,9,13961.880000,13966.180000,4.260000,2026-04-13 09:46:31.020000,2026-04-13 09:46:35.320000
4EKFA417,CoolStationAL1PML5,TASJR91,9,13966.180000,14216.180000,250.069980,2026-04-13 09:46:35.320000,2026-04-13 09:50:45.320000
4EKFA417,AtmArm-EndEffector11,TASJR91,9,14216.180000,14220.880000,4.699980,2026-04-13 09:50:45.320000,2026-04-13 09:50:50.020000
4EKFA417,CoolStationAL4PML9,TASJR91,9,14220.880000,14603.680000,382.780020,2026-04-13 09:50:50.020000,2026-04-13 09:57:12.820000
4EKFA417,AtmArm-EndEffector11,TASJR91,9,14603.680000,14609.280000,5.530020,2026-04-13 09:57:12.820000,2026-04-13 09:57:18.420000
4EKFA417,AtmArm-EndEfferctor11,TASJR91,17,14669.280000,14684.127000,14.820000,2026-04-13 09:58:18.420000,2026-04-13 09:58:33.267000
4EKFA417,AirLock1-iSlot1,TASJR91,17,14684.127000,14711.840000,27.720000,2026-04-13 09:58:33.267000,2026-04-13 09:59:00.980000
4EKFA417,TransferChamber-EndEffector2,TASJR91,17,14711.840000,14726.790000,14.950020,2026-04-13 09:59:00.980000,2026-04-13 09:59:15.930000
4EKFA417,PM2-PML1,TASJR91,17,14726.790000,14907.710000,180.919980,2026-04-13 09:59:15.930000,2026-04-13 10:02:16.850000
4EKFA417,TransferChamber-EndEffector2,TASJR91,17,14907.710000,14914.480000,6.769980,2026-04-13 10:02:16.850000,2026-04-13 10:02:23.620000
4EKFA417,PM5-PML1,TASJR91,17,14914.480000,14971.870000,57.390000,2026-04-13 10:02:23.620000,2026-04-13 10:03:21.010000
4EKFA417,TransferChamber-EndEffector2,TASJR91,17,14971.870000,14976.210000,4.339980,2026-04-13 10:03:21.010000,2026-04-13 10:03:25.350000
4EKFA417,AirLock2-oSlot1,TASJR91,17,14976.210000,14997.170000,2.095998,2026-04-13 10:03:25.350000,2026-04-13 10:03:46.310000
4EKFA417,AtmArm-EndEffector11,TASJR91,17,14997.170000,15002.122000,4.950000,2026-04-13 10:03:46.310000,2026-04-13 10:03:51.262000
4EKFA417,CoolStationAL1PM7,TASJR91,17,15002.122000,15246.135000,244.009980,2026-04-13 10:03:51.262000,2026-04-13 10:07:55.275000
4EKFA417,AtmArm-EndEffector11,TASJR91,17,15246.135000,15249.700000,3.570000,2026-04-13 10:07:55.275000,2026-04-13 10:07:58.840000
4EKFA417,CoolStationAL3PML17,TASJR91,17,15249.700000,15613.240000,363.540000,2026-04-13 10:07:58.840000,2026-04-13 10:14:02.380000
4EKFA417,AtmArm-EndEfferctor11,TASJR91,17,15613.240000,15615.810000,2.569980,2026-04-13 10:14:02.380000,2026-04-13 10:14:04.950000
4EKFA417,AtmArm-EndEfferctor11,TASJR91,9,15401.250000,15415.500000,14.250000,2026-04-13 10:10:30.390000,2026-04-13 10:10:44.640000
4EKFA417,AirLock1-iSlot1,TASJR91,9,15415.500000,15478.200000,62.700000,2026-04-13 10:10:44.640000,2026-04-13 10:11:47.340000
4EKFA417,TransferChamber-EndEffector2,TASJR91,9,15478.200000,15526.540000,48.360000,2026-04-13 10:11:47.340000,2026-04-13 10:12:35.680000
4EKFA417,PM3PML1,TASJR91,9,15526.540000,15705.740000,179.149980,2026-04-13 10:12:35.680000,2026-04-13 10:15:34.880000
4EKFA417,TransferChamber-EndEffector2,TASJR91,9,15705.740000,15711.740000,6.000000,2026-04-13 10:15:34.880000,2026-04-13 10:15:40.880000
4EKFA417,PM5-PML1,TASJR91,9,15711.740000,15770.140000,58.390020,2026-04-13 10:15:40.880000,2026-04-13 10:16:39.280000
4EKFA417,TransferChamber-EndEffector2,TASJR91,9,15770.140000,15773.140000,3.000000,2026-04-13 10:16:39.280000,2026-04-13 10:16:42.280000
4EKFA417,AirLock2-oSlot1,TASJR91,9,15773.140000,15795.540000,22.429980,2026-04-13 10:16:42.280000,2026-04-13 10:17:04.680000
4EKFA417,AtmArm-EndEffector11,TASJR91,9,15795.540000,15799.840000,4.260000,2026-04-13 10:17:04.680000,2026-04-13 10:17:08.980000
4EKFA417,CoolStationAL1PML5,TASJR91,9,15799.840000,16049.840000,250.069980,2026-04-13 10:17:08.980000,2026-04-13 10:21:18.980000
4EKFA417,AtmArm-EndEffector11,TASJR91,9,16049.840000,16054.540000,4.699980,2026-04-13 10:21:18.980000,2026-04-13 10:21:23.680000
4EKFA417,CoolStationAL4PML9,TASJR91,9,16054.540000,16437.340000,382.780020,2026-04-13 10:21:23.680000,2026-04-13 10:27:46.480000
4EKFA417,AtmArm-EndEffector11,TASJR91,9,16437.340000,16442.940000,5.530020,2026-04-13 10:27:46.480000,2026-04-13 10:27:52.080000
4EKFA417,AtmArm-EndEfferctor11,TASJR91,17,16502.940000,16517.787000,14.820000,2026-04-13 10:28:52.080000,2026-04-13 10:29:06.927000
4EKFA417,AirLock1-iSlot1,TASJR91,17,16517.787000,16545.500000,27.720000,2026-04-13 10:29:06.927000,2026-04-13 10:29:34.640000
4EKFA417,TransferChamber-EndEffector2,TASJR91,17,16545.500000,16560.450000,14.950020,2026-04-13 10:29:34.640000,2026-04-13 10:29:49.590000
4EKFA417,PM2-PML1,TASJR91,17,16560.450000,16741.370000,180.919980,2026-04-13 10:29:49.590000,2026-04-13 10:32:50.510000
4EKFA417,TransferChamber-EndEffector2,TASJR91,17,16741.370000,16748.140000,6.769980,2026-04-13 10:32:50.510000,2026-04-13 10:32:57.280000
4EKFA417,PM5-PML1,TASJR91,17,16748.140000,16805.530000,57.390000,2026-04-13 10:32:57.280000,2026-04-13 10:33:54.670000
4EKFA417,TransferChamber-EndEffector2,TASJR91,17,16805.530000,16809.870000,4.339980,2026-04-13 10:33:54.670000,2026-04-13 10:33:59.010000
4EKFA417,AirLock2-oSlot1,TASJR91,17,16809.870000,16830.830000,2.095998,2026-04-13 10:33:59.010000,2026-04-13 10:34:19.970000
4EKFA417,AtmArm-EndEffector11,TASJR91,17,16830.830000,16835.782000,4.950000,2026-04-13 10:34:19.970000,2026-04-13 10:34:24.922000
4EKFA417,CoolStationAL1PM7,TASJR91,17,16835.782000,17079.795000,244.009980,2026-04-13 10:34:24.922000,2026-04-13 10:38:28.935000
4EKFA417,AtmArm-EndEffector11,TASJR91,17,17079.795000,17083.360000,3.570000,2026-04-13 10:38:28.935000,2026-04-13 10:38:32.500000
4EKFA417,CoolStationAL3PML17,TASJR91,17,17083.360000,17446.900000,363.540000,2026-04-13 10:38:32.500000,2026-04-13 10:44:36.040000
4EKFA417,AtmArm-EndEfferctor11,TASJR91,17,17446.900000,17449.470000,2.569980,2026-04-13 10:44:36.040000,2026-04-13 10:44:38.610000
4EKFA417,AtmArm-EndEfferctor11,TASJR91,9,17234.910000,17249.160000,14.250000,2026-04-13 10:41:04.050000,2026-04-13 10:41:18.300000
4EKFA417,AirLock1-iSlot1,TASJR91,9,17249.160000,17311.860000,62.700000,2026-04-13 10:41:18.300000,2026-04-13 10:42:21.000000
4EKFA417,TransferChamber-EndEffector2,TASJR91,9,17311.860000,17360.200000,48.360000,2026-04-13 10:42:21.000000,2026-04-13 10:43:09.340000
4EKFA417,PM3PML1,TASJR91,9,17360.200000,17539.400000,179.149980,2026-04-13 10:43:09.340000,2026-04-13 10:46:08.540000
4EKFA417,TransferChamber-EndEffector2,TASJR91,9,17539.400000,17545.400000,6.000000,2026-04-13 10:46:08.540000,2026-04-13 10:46:14.540000
4EKFA417,PM5-PML1,TASJR91,9,17545.400000,17603.800000,58.390020,2026-04-13 10:46:14.540000,2026-04-13 10:47:12.940000
4EKFA417,TransferChamber-EndEffector2,TASJR91,9,17603.800000,17606.800000,3.000000,2026-04-13 10:47:12.940000,2026-04-13 10:47:15.940000
4EKFA417,AirLock2-oSlot1,TASJR91,9,17606.800000,17629.200000,22.429980,2026-04-13 10:47:15.940000,2026-04-13 10:47:38.340000
4EKFA417,AtmArm-EndEffector11,TASJR91,9,17629.200000,17633.500000,4.260000,2026-04-13 10:47:38.340000,2026-04-13 10:47:42.640000
4EKFA417,CoolStationAL1PML5,TASJR91,9,17633.500000,17883.500000,250.069980,2026-04-13 10:47:42.640000,2026-04-13 10:51:52.640000
4EKFA417,AtmArm-EndEffector11,TASJR91,9,17883.500000,17888.200000,4.699980,2026-04-13 10:51:52.640000,2026-04-13 10:51:57.340000
4EKFA417,CoolStationAL4PML9,TASJR91,9,17888.200000,18271.000000,382.780020,2026-04-13 10:51:57.340000,2026-04-13 10:58:20.140000
4EKFA417,AtmArm-EndEffector11,TASJR91,9,18271.000000,18276.600000,5.530020,2026-04-13 10:58:20.140000,2026-04-13 10:58:25.740000
4EKFA417,AtmArm-EndEfferctor11,TASJR91,17,18336.600000,18351.447000,14.820000,2026-04-13 10:59:25.740000,2026-04-13 10:59:40.587000
4EKFA417,AirLock1-iSlot1,TASJR91,17,18351.447000,18379.160000,27.720000,2026-04-13 10:59:40.587000,2026-04-13 11:00:08.300000
4EKFA417,TransferChamber-EndEffector2,TASJR91,17,18379.160000,18394.110000,14.950020,2026-04-13 11:00:08.300000,2026-04-13 11:00:23.250000
4EKFA417,PM2-PML1,TASJR91,17,18394.110000,18575.030000,180.919980,2026-04-13 11:00:23.250000,2026-04-13 11:03:24.170000
4EKFA417,TransferChamber-EndEffector2,TASJR91,17,18575.030000,18581.800000,6.769980,2026-04-13 11:03:24.170000,2026-04-13 11:03:30.940000
4EKFA417,PM5-PML1,TASJR91,17,18581.800000,18639.190000,57.390000,2026-04-13 11:03:30.940000,2026-04-13 11:04:28.330000
4EKFA417,TransferChamber-EndEffector2,TASJR91,17,18639.190000,18643.530000,4.339980,2026-04-13 11:04:28.330000,2026-04-13 11:04:32.670000
4EKFA417,AirLock2-oSlot1,TASJR91,17,18643.530000,18664.490000,2.095998,2026-04-13 11:04:32.670000,2026-04-13 11:04:53.630000
4EKFA417,AtmArm-EndEffector11,TASJR91,17,18664.490000,18669.442000,4.950000,2026-04-13 11:04:53.630000,2026-04-13 11:04:58.582000
4EKFA417,CoolStationAL1PM7,TASJR91,17,18669.442000,18913.455000,244.009980,2026-04-13 11:04:58.582000,2026-04-13 11:09:02.595000
4EKFA417,AtmArm-EndEffector11,TASJR91,17,18913.455000,18917.020000,3.570000,2026-04-13 11:09:02.595000,2026-04-13 11:09:06.160000
4EKFA417,CoolStationAL3PML17,TASJR91,17,18917.020000,19280.560000,363.540000,2026-04-13 11:09:06.160000,2026-04-13 11:15:09.700000
4EKFA417,AtmArm-EndEfferctor11,TASJR91,17,19280.560000,19283.130000,2.569980,2026-04-13 11:15:09.700000,2026-04-13 11:15:12.270000
4EKFA417,AtmArm-EndEfferctor11,TASJR91,9,19068.570000,19082.820000,14.250000,2026-04-13 11:11:37.710000,2026-04-13 11:11:51.960000
4EKFA417,AirLock1-iSlot1,TASJR91,9,19082.820000,19145.520000,62.700000,2026-04-13 11:11:51.960000,2026-04-13 11:12:54.660000
4EKFA417,TransferChamber-EndEffector2,TASJR91,9,19145.520000,19193.860000,48.360000,2026-04-13 11:12:54.660000,2026-04-13 11:13:43.000000
4EKFA417,PM3PML1,TASJR91,9,19193.860000,19373.060000,179.149980,2026-04-13 11:13:43.000000,2026-04-13 11:16:42.200000
4EKFA417,TransferChamber-EndEffector2,TASJR91,9,19373.060000,19379.060000,6.000000,2026-04-13 11:16:42.200000,2026-04-13 11:16:48.200000
4EKFA417,PM5-PML1,TASJR91,9,19379.060000,19437.460000,58.390020,2026-04-13 11:16:48.200000,2026-04-13 11:17:46.600000
4EKFA417,TransferChamber-EndEffector2,TASJR91,9,19437.460000,19440.460000,3.000000,2026-04-13 11:17:46.600000,2026-04-13 11:17:49.600000
4EKFA417,AirLock2-oSlot1,TASJR91,9,19440.460000,19462.860000,22.429980,2026-04-13 11:17:49.600000,2026-04-13 11:18:12.000000
4EKFA417,AtmArm-EndEffector11,TASJR91,9,19462.860000,19467.160000,4.260000,2026-04-13 11:18:12.000000,2026-04-13 11:18:16.300000
4EKFA417,CoolStationAL1PML5,TASJR91,9,19467.160000,19717.160000,250.069980,2026-04-13 11:18:16.300000,2026-04-13 11:22:26.300000
4EKFA417,AtmArm-EndEffector11,TASJR91,9,19717.160000,19721.860000,4.699980,2026-04-13 11:22:26.300000,2026-04-13 11:22:31.000000
4EKFA417,CoolStationAL4PML9,TASJR91,9,19721.860000,20104.660000,382.780020,2026-04-13 11:22:31.000000,2026-04-13 11:28:53.800000
4EKFA417,AtmArm-EndEffector11,TASJR91,9,20104.660000,20110.260000,5.530020,2026-04-13 11:28:53.800000,2026-04-13 11:28:59.400000
4EKFA417,AtmArm-EndEfferctor11,TASJR91,17,20170.260000,20185.107000,14.820000,2026-04-13 11:29:59.400000,2026-04-13 11:30:14.247000
4EKFA417,AirLock1-iSlot1,TASJR91,17,20185.107000,20212.820000,27.720000,2026-04-13 11:30:14.247000,2026-04-13 11:30:41.960000
4EKFA417,TransferChamber-EndEffector2,TASJR91,17,20212.820000,20227.770000,14.950020,2026-04-13 11:30:41.960000,2026-04-13 11:30:56.910000
4EKFA417,PM2-PML1,TASJR91,17,20227.770000,20408.690000,180.919980,2026-04-13 11:30:56.910000,2026-04-13 11:33:57.830000
4EKFA417,TransferChamber-EndEffector2,TASJR91,17,20408.690000,20415.460000,6.769980,2026-04-13 11:33:57.830000,2026-04-13 11:34:04.600000
4EKFA417,PM5-PML1,TASJR91,17,20415.460000,20472.850000,57.390000,2026-04-13 11:34:04.600000,2026-04-13 11:35:01.990000
4EKFA417,TransferChamber-EndEffector2,TASJR91,17,20472.850000,20477.190000,4.339980,2026-04-13 11:35:01.990000,2026-04-13 11:35:06.330000
4EKFA417,AirLock2-oSlot1,TASJR91,17,20477.190000,20498.150000,2.095998,2026-04-13 11:35:06.330000,2026-04-13 11:35:27.290000
4EKFA417,AtmArm-EndEffector11,TASJR91,17,20498.150000,20503.102000,4.950000,2026-04-13 11:35:27.290000,2026-04-13 11:35:32.242000
4EKFA417,CoolStationAL1PM7,TASJR91,17,20503.102000,20747.115000,244.009980,2026-04-13 11:35:32.242000,2026-04-13 11:39:36.255000
4EKFA417,AtmArm-EndEffector11,TASJR91,17,20747.115000,20750.680000,3.570000,2026-04-13 11:39:36.255000,2026-04-13 11:39:39.820000
4EKFA417,CoolStationAL3PML17,TASJR91,17,20750.680000,21114.220000,363.540000,2026-04-13 11:39:39.820000,2026-04-13 11:45:43.360000
4EKFA417,AtmArm-EndEfferctor11,TASJR91,17,21114.220000,21116.790000,2.569980,2026-04-13 11:45:43.360000,2026-04-13 11:45:45.930000
4EKFA417,AtmArm-EndEfferctor11,TASJR91,9,20902.230000,20916.480000,14.250000,2026-04-13 11:42:11.370000,2026-04-13 11:42:25.620000
4EKFA417,AirLock1-iSlot1,TASJR91,9,20916.480000,20979.180000,62.700000,2026-04-13 11:42:25.620000,2026-04-13 11:43:28.320000
4EKFA417,TransferChamber-EndEffector2,TASJR91,9,20979.180000,21027.520000,48.360000,2026-04-13 11:43:28.320000,2026-04-13 11:44:16.660000
4EKFA417,PM3PML1,TASJR91,9,21027.520000,21206.720000,179.149980,2026-04-13 11:44:16.660000,2026-04-13 11:47:15.860000
4EKFA417,TransferChamber-EndEffector2,TASJR91,9,21206.720000,21212.720000,6.000000,2026-04-13 11:47:15.860000,2026-04-13 11:47:21.860000
4EKFA417,PM5-PML1,TASJR91,9,21212.720000,21271.120000,58.390020,2026-04-13 11:47:21.860000,2026-04-13 11:48:20.260000
4EKFA417,TransferChamber-EndEffector2,TASJR91,9,21271.120000,21274.120000,3.000000,2026-04-13 11:48:20.260000,2026-04-13 11:48:23.260000
4EKFA417,AirLock2-oSlot1,TASJR91,9,21274.120000,21296.520000,22.429980,2026-04-13 11:48:23.260000,2026-04-13 11:48:45.660000
4EKFA417,AtmArm-EndEffector11,TASJR91,9,21296.520000,21300.820000,4.260000,2026-04-13 11:48:45.660000,2026-04-13 11:48:49.960000
4EKFA417,CoolStationAL1PML5,TASJR91,9,21300.820000,21550.820000,250.069980,2026-04-13 11:48:49.960000,2026-04-13 11:52:59.960000
4EKFA417,AtmArm-EndEffector11,TASJR91,9,21550.820000,21555.520000,4.699980,2026-04-13 11:52:59.960000,2026-04-13 11:53:04.660000
4EKFA417,CoolStationAL4PML9,TASJR91,9,21555.520000,21938.320000,382.780020,2026-04-13 11:53:04.660000,2026-04-13 11:59:27.460000
4EKFA417,AtmArm-EndEffector11,TASJR91,9,21938.320000,21943.920000,5.530020,2026-04-13 11:59:27.460000,2026-04-13 11:59:33.060000
4EKFA417,AtmArm-EndEfferctor11,TASJR91,17,22003.920000,22018.767000,14.820000,2026-04-13 12:00:33.060000,2026-04-13 12:00:47.907000
4EKFA417,AirLock1-iSlot1,TASJR91,17,22018.767000,22046.480000,27.720000,2026-04-13 12:00:47.907000,2026-04-13 12:01:15.620000
4EKFA417,TransferChamber-EndEffector2,TASJR91,17,22046.480000,22061.430000,14.950020,2026-04-13 12:01:15.620000,2026-04-13 12:01:30.570000
4EKFA417,PM2-PML1,TASJR91,17,22061.430000,22242.350000,180.919980,2026-04-13 12:01:30.570000,2026-04-13 12:04:31.490000
4EKFA417,TransferChamber-EndEffector2,TASJR91,17,22242.350000,22249.120000,6.769980,2026-04-13 12:04:31.490000,2026-04-13 12:04:38.260000
4EKFA417,PM5-PML1,TASJR91,17,22249.120000,22306.510000,57.390000,2026-04-13 12:04:38.260000,2026-04-13 12:05:35.650000
4EKFA417,TransferChamber-EndEffector2,TASJR91,17,22306.510000,22310.850000,4.339980,2026-04-13 12:05:35.650000,2026-04-13 12:05:39.990000
4EKFA417,AirLock2-oSlot1,TASJR91,17,22310.850000,22331.810000,2.095998,2026-04-13 12:05:39.990000,2026-04-13 12:06:00.950000
4EKFA417,AtmArm-EndEffector11,TASJR91,17,22331.810000,22336.762000,4.950000,2026-04-13 12:06:00.950000,2026-04-13 12:06:05.902000
4EKFA417,CoolStationAL1PM7,TASJR91,17,22336.762000,22580.775000,244.009980,2026-04-13 12:06:05.902000,2026-04-13 12:10:09.915000
4EKFA417,AtmArm-EndEffector11,TASJR91,17,22580.775000,22584.340000,3.570000,2026-04-13 12:10:09.915000,2026-04-13 12:10:13.480000
4EKFA417,CoolStationAL3PML17,TASJR91,17,22584.340000,22947.880000,363.540000,2026-04-13 12:10:13.480000,2026-04-13 12:16:17.020000
4EKFA417,AtmArm-EndEfferctor11,TASJR91,17,22947.880000,22950.450000,2.569980,2026-04-13 12:16:17.020000,2026-04-13 12:16:19.590000
4EKFA417,AtmArm-EndEfferctor11,TASJR91,9,22735.890000,22750.140000,14.250000,2026-04-13 12:12:45.030000,2026-04-13 12:12:59.280000
4EKFA417,AirLock1-iSlot1,TASJR91,9,22750.140000,22812.840000,62.700000,2026-04-13 12:12:59.280000,2026-04-13 12:14:01.980000
4EKFA417,TransferChamber-EndEffector2,TASJR91,9,22812.840000,22861.180000,48.360000,2026-04-13 12:14:01.980000,2026-04-13 12:14:50.320000
4EKFA417,PM3PML1,TASJR91,9,22861.180000,23040.380000,179.149980,2026-04-13 12:14:50.320000,2026-04-13 12:17:49.520000
4EKFA417,TransferChamber-EndEffector2,TASJR91,9,23040.380000,23046.380000,6.000000,2026-04-13 12:17:49.520000,2026-04-13 12:17:55.520000
4EKFA417,PM5-PML1,TASJR91,9,23046.380000,23104.780000,58.390020,2026-04-13 12:17:55.520000,2026-04-13 12:18:53.920000
4EKFA417,TransferChamber-EndEffector2,TASJR91,9,23104.780000,23107.780000,3.000000,2026-04-13 12:18:53.920000,2026-04-13 12:18:56.920000
4EKFA417,AirLock2-oSlot1,TASJR91,9,23107.780000,23130.180000,22.429980,2026-04-13 12:18:56.920000,2026-04-13 12:19:19.320000
4EKFA417,AtmArm-EndEffector11,TASJR91,9,23130.180000,23134.480000,4.260000,2026-04-13 12:19:19.320000,2026-04-13 12:19:23.620000
4EKFA417,CoolStationAL1PML5,TASJR91,9,23134.480000,23384.480000,250.069980,2026-04-13 12:19:23.620000,2026-04-13 12:23:33.620000
4EKFA417,AtmArm-EndEffector11,TASJR91,9,23384.480000,23389.180000,4.699980,2026-04-13 12:23:33.620000,2026-04-13 12:23:38.320000
4EKFA417,CoolStationAL4PML9,TASJR91,9,23389.180000,23771.980000,382.780020,2026-04-13 12:23:38.320000,2026-04-13 12:30:01.120000
4EKFA417,AtmArm-EndEffector11,TASJR91,9,23771.980000,23777.580000,5.530020,2026-04-13 12:30:01.120000,2026-04-13 12:30:06.720000
4EKFA417,AtmArm-EndEfferctor11,TASJR91,17,23837.580000,23852.427000,14.820000,2026-04-13 12:31:06.720000,2026-04-13 12:31:21.567000
4EKFA417,AirLock1-iSlot1,TASJR91,17,23852.427000,23880.140000,27.720000,2026-04-13 12:31:21.567000,2026-04-13 12:31:49.280000
4EKFA417,TransferChamber-EndEffector2,TASJR91,17,23880.140000,23895.090000,14.950020,2026-04-13 12:31:49.280000,2026-04-13 12:32:04.230000
4EKFA417,PM2-PML1,TASJR91,17,23895.090000,24076.010000,180.919980,2026-04-13 12:32:04.230000,2026-04-13 12:35:05.150000
4EKFA417,TransferChamber-EndEffector2,TASJR91,17,24076.010000,24082.780000,6.769980,2026-04-13 12:35:05.150000,2026-04-13 12:35:11.920000
4EKFA417,PM5-PML1,TASJR91,17,24082.780000,24140.170000,57.390000,2026-04-13 12:35:11.920000,2026-04-13 12:36:09.310000
4EKFA417,TransferChamber-EndEffector2,TASJR91,17,24140.170000,24144.510000,4.339980,2026-04-13 12:36:09.310000,2026-04-13 12:36:13.650000
4EKFA417,AirLock2-oSlot1,TASJR91,17,24144.510000,24165.470000,2.095998,2026-04-13 12:36:13.650000,2026-04-13 12:36:34.610000
4EKFA417,AtmArm-EndEffector11,TASJR91,17,24165.470000,24170.422000,4.950000,2026-04-13 12:36:34.610000,2026-04-13 12:36:39.562000
4EKFA417,CoolStationAL1PM7,TASJR91,17,24170.422000,24414.435000,244.009980,2026-04-13 12:36:39.562000,2026-04-13 12:40:43.575000
4EKFA417,AtmArm-EndEffector11,TASJR91,17,24414.435000,24418.000000,3.570000,2026-04-13 12:40:43.575000,2026-04-13 12:40:47.140000
4EKFA417,CoolStationAL3PML17,TASJR91,17,24418.000000,24781.540000,363.540000,2026-04-13 12:40:47.140000,2026-04-13 12:46:50.680000
4EKFA417,AtmArm-EndEfferctor11,TASJR91,17,24781.540000,24784.110000,2.569980,2026-04-13 12:46:50.680000,2026-04-13 12:46:53.250000
4EKFA417,AtmArm-EndEfferctor11,TASJR91,9,24569.550000,24583.800000,14.250000,2026-04-13 12:43:18.690000,2026-04-13 12:43:32.940000
4EKFA417,AirLock1-iSlot1,TASJR91,9,24583.800000,24646.500000,62.700000,2026-04-13 12:43:32.940000,2026-04-13 12:44:35.640000
4EKFA417,TransferChamber-EndEffector2,TASJR91,9,24646.500000,24694.840000,48.360000,2026-04-13 12:44:35.640000,2026-04-13 12:45:23.980000
4EKFA417,PM3PML1,TASJR91,9,24694.840000,24874.040000,179.149980,2026-04-13 12:45:23.980000,2026-04-13 12:48:23.180000
4EKFA417,TransferChamber-EndEffector2,TASJR91,9,24874.040000,24880.040000,6.000000,2026-04-13 12:48:23.180000,2026-04-13 12:48:29.180000
4EKFA417,PM5-PML1,TASJR91,9,24880.040000,24938.440000,58.390020,2026-04-13 12:48:29.180000,2026-04-13 12:49:27.580000
4EKFA417,TransferChamber-EndEffector2,TASJR91,9,24938.440000,24941.440000,3.000000,2026-04-13 12:49:27.580000,2026-04-13 12:49:30.580000
4EKFA417,AirLock2-oSlot1,TASJR91,9,24941.440000,24963.840000,22.429980,2026-04-13 12:49:30.580000,2026-04-13 12:49:52.980000
4EKFA417,AtmArm-EndEffector11,TASJR91,9,24963.840000,24968.140000,4.260000,2026-04-13 12:49:52.980000,2026-04-13 12:49:57.280000
4EKFA417,CoolStationAL1PML5,TASJR91,9,24968.140000,25218.140000,250.069980,2026-04-13 12:49:57.280000,2026-04-13 12:54:07.280000
4EKFA417,AtmArm-EndEffector11,TASJR91,9,25218.140000,25222.840000,4.699980,2026-04-13 12:54:07.280000,2026-04-13 12:54:11.980000
4EKFA417,CoolStationAL4PML9,TASJR91,9,25222.840000,25605.640000,382.780020,2026-04-13 12:54:11.980000,2026-04-13 13:00:34.780000
4EKFA417,AtmArm-EndEffector11,TASJR91,9,25605.640000,25611.240000,5.530020,2026-04-13 13:00:34.780000,2026-04-13 13:00:40.380000
4EKFA417,AtmArm-EndEfferctor11,TASJR91,17,25671.240000,25686.087000,14.820000,2026-04-13 13:01:40.380000,2026-04-13 13:01:55.227000
4EKFA417,AirLock1-iSlot1,TASJR91,17,25686.087000,25713.800000,27.720000,2026-04-13 13:01:55.227000,2026-04-13 13:02:22.940000
4EKFA417,TransferChamber-EndEffector2,TASJR91,17,25713.800000,25728.750000,14.950020,2026-04-13 13:02:22.940000,2026-04-13 13:02:37.890000
4EKFA417,PM2-PML1,TASJR91,17,25728.750000,25909.670000,180.919980,2026-04-13 13:02:37.890000,2026-04-13 13:05:38.810000
4EKFA417,TransferChamber-EndEffector2,TASJR91,17,25909.670000,25916.440000,6.769980,2026-04-13 13:05:38.810000,2026-04-13 13:05:45.580000
4EKFA417,PM5-PML1,TASJR91,17,25916.440000,25973.830000,57.390000,2026-04-13 13:05:45.580000,2026-04-13 13:06:42.970000
4EKFA417,TransferChamber-EndEffector2,TASJR91,17,25973.830000,25978.170000,4.339980,2026-04-13 13:06:42.970000,2026-04-13 13:06:47.310000
4EKFA417,AirLock2-oSlot1,TASJR91,17,25978.170000,25999.130000,2.095998,2026-04-13 13:06:47.310000,2026-04-13 13:07:08.270000
4EKFA417,AtmArm-EndEffector11,TASJR91,17,25999.130000,26004.082000,4.950000,2026-04-13 13:07:08.270000,2026-04-13 13:07:13.222000
4EKFA417,CoolStationAL1PM7,TASJR91,17,26004.082000,26248.095000,244.009980,2026-04-13 13:07:13.222000,2026-04-13 13:11:17.235000
4EKFA417,AtmArm-EndEffector11,TASJR91,17,26248.095000,26251.660000,3.570000,2026-04-13 13:11:17.235000,2026-04-13 13:11:20.800000
4EKFA417,CoolStationAL3PML17,TASJR91,17,26251.660000,26615.200000,363.540000,2026-04-13 13:11:20.800000,2026-04-13 13:17:24.340000
4EKFA417,AtmArm-EndEfferctor11,TASJR91,17,26615.200000,26617.770000,2.569980,2026-04-13 13:17:24.340000,2026-04-13 13:17:26.910000
4EKFA417,AtmArm-EndEfferctor11,TASJR91,9,26403.210000,26417.460000,14.250000,2026-04-13 13:13:52.350000,2026-04-13 13:14:06.600000
4EKFA417,AirLock1-iSlot1,TASJR91,9,26417.460000,26480.160000,62.700000,2026-04-13 13:14:06.600000,2026-04-13 13:15:09.300000
4EKFA417,TransferChamber-EndEffector2,TASJR91,9,26480.160000,26528.500000,48.360000,2026-04-13 13:15:09.300000,2026-04-13 13:15:57.640000
4EKFA417,PM3PML1,TASJR91,9,26528.500000,26707.700000,179.149980,2026-04-13 13:15:57.640000,2026-04-13 13:18:56.840000
4EKFA417,TransferChamber-EndEffector2,TASJR91,9,26707.700000,26713.700000,6.000000,2026-04-13 13:18:56.840000,2026-04-13 13:19:02.840000
4EKFA417,PM5-PML1,TASJR91,9,26713.700000,26772.100000,58.390020,2026-04-13 13:19:02.840000,2026-04-13 13:20:01.240000
4EKFA417,TransferChamber-EndEffector2,TASJR91,9,26772.100000,26775.100000,3.000000,2026-04-13 13:20:01.240000,2026-04-13 13:20:04.240000
4EKFA417,AirLock2-oSlot1,TASJR91,9,26775.100000,26797.500000,22.429980,2026-04-13 13:20:04.240000,2026-04-13 13:20:26.640000
4EKFA417,AtmArm-EndEffector11,TASJR91,9,26797.500000,26801.800000,4.260000,2026-04-13 13:20:26.640000,2026-04-13 13:20:30.940000
4EKFA417,CoolStationAL1PML5,TASJR91,9,26801.800000,27051.800000,250.069980,2026-04-13 13:20:30.940000,2026-04-13 13:24:40.940000
4EKFA417,AtmArm-EndEffector11,TASJR91,9,27051.800000,27056.500000,4.699980,2026-04-13 13:24:40.940000,2026-04-13 13:24:45.640000
4EKFA417,CoolStationAL4PML9,TASJR91,9,27056.500000,27439.300000,382.780020,2026-04-13 13:24:45.640000,2026-04-13 13:31:08.440000
4EKFA417,AtmArm-EndEffector11,TASJR91,9,27439.300000,27444.900000,5.530020,2026-04-13 13:31:08.440000,2026-04-13 13:31:14.040000
4EKFA417,AtmArm-EndEfferctor11,TASJR91,17,27504.900000,27519.747000,14.820000,2026-04-13 13:32:14.040000,2026-04-13 13:32:28.887000
4EKFA417,AirLock1-iSlot1,TASJR91,17,27519.747000,27547.460000,27.720000,2026-04-13 13:32:28.887000,2026-04-13 13:32:56.600000
4EKFA417,TransferChamber-EndEffector2,TASJR91,17,27547.460000,27562.410000,14.950020,2026-04-13 13:32:56.600000,2026-04-13 13:33:11.550000
4EKFA417,PM2-PML1,TASJR91,17,27562.410000,27743.330000,180.919980,2026-04-13 13:33:11.550000,2026-04-13 13:36:12.470000
4EKFA417,TransferChamber-EndEffector2,TASJR91,17,27743.330000,27750.100000,6.769980,2026-04-13 13:36:12.470000,2026-04-13 13:36:19.240000
4EKFA417,PM5-PML1,TASJR91,17,27750.100000,27807.490000,57.390000,2026-04-13 13:36:19.240000,2026-04-13 13:37:16.630000
4EKFA417,TransferChamber-EndEffector2,TASJR91,17,27807.490000,27811.830000,4.339980,2026-04-13 13:37:16.630000,2026-04-13 13:37:20.970000
4EKFA417,AirLock2-oSlot1,TASJR91,17,27811.830000,27832.790000,2.095998,2026-04-13 13:37:20.970000,2026-04-13 13:37:41.930000
4EKFA417,AtmArm-EndEffector11,TASJR91,17,27832.790000,27837.742000,4.950000,2026-04-13 13:37:41.930000,2026-04-13 13:37:46.882000
4EKFA417,CoolStationAL1PM7,TASJR91,17,27837.742000,28081.755000,244.009980,2026-04-13 13:37:46.882000,2026-04-13 13:41:50.895000
4EKFA417,AtmArm-EndEffector11,TASJR91,17,28081.755000,28085.320000,3.570000,2026-04-13 13:41:50.895000,2026-04-13 13:41:54.460000
4EKFA417,CoolStationAL3PML17,TASJR91,17,28085.320000,28448.860000,363.540000,2026-04-13 13:41:54.460000,2026-04-13 13:47:58.000000
4EKFA417,AtmArm-EndEfferctor11,TASJR91,17,28448.860000,28451.430000,2.569980,2026-04-13 13:47:58.000000,2026-04-13 13:48:00.570000
4EKFA417,AtmArm-EndEfferctor11,TASJR91,9,28236.870000,28251.120000,14.250000,2026-04-13 13:44:26.010000,2026-04-13 13:44:40.260000
4EKFA417,AirLock1-iSlot1,TASJR91,9,28251.120000,28313.820000,62.700000,2026-04-13 13:44:40.260000,2026-04-13 13:45:42.960000
4EKFA417,TransferChamber-EndEffector2,TASJR91,9,28313.820000,28362.160000,48.360000,2026-04-13 13:45:42.960000,2026-04-13 13:46:31.300000
4EKFA417,PM3PML1,TASJR91,9,28362.160000,28541.360000,179.149980,2026-04-13 13:46:31.300000,2026-04-13 13:49:30.500000
4EKFA417,TransferChamber-EndEffector2,TASJR91,9,28541.360000,28547.360000,6.000000,2026-04-13 13:49:30.500000,2026-04-13 13:49:36.500000
4EKFA417,PM5-PML1,TASJR91,9,28547.360000,28605.760000,58.390020,2026-04-13 13:49:36.500000,2026-04-13 13:50:34.900000
4EKFA417,TransferChamber-EndEffector2,TASJR91,9,28605.760000,28608.760000,3.000000,2026-04-13 13:50:34.900000,2026-04-13 13:50:37.900000
4EKFA417,AirLock2-oSlot1,TASJR91,9,28608.760000,28631.160000,22.429980,2026-04-13 13:50:37.900000,2026-04-13 13:51:00.300000
4EKFA417,AtmArm-EndEffector11,TASJR91,9,28631.160000,28635.460000,4.260000,2026-04-13 13:51:00.300000,2026-04-13 13:51:04.600000
4EKFA417,CoolStationAL1PML5,TASJR91,9,28635.460000,28885.460000,250.069980,2026-04-13 13:51:04.600000,2026-04-13 13:55:14.600000
4EKFA417,AtmArm-EndEffector11,TASJR91,9,28885.460000,28890.160000,4.699980,2026-04-13 13:55:14.600000,2026-04-13 13:55:19.300000
4EKFA417,CoolStationAL4PML9,TASJR91,9,28890.160000,29272.960000,382.780020,2026-04-13 13:55:19.300000,2026-04-13 14:01:42.100000
4EKFA417,AtmArm-EndEffector11,TASJR91,9,29272.960000,29278.560000,5.530020,2026-04-13 14:01:42.100000,2026-04-13 14:01:47.700000
4EKFA417,AtmArm-EndEfferctor11,TASJR91,17,29338.560000,29353.407000,14.820000,2026-04-13 14:02:47.700000,2026-04-13 14:03:02.547000
4EKFA417,AirLock1-iSlot1,TASJR91,17,29353.407000,29381.120000,27.720000,2026-04-13 14:03:02.547000,2026-04-13 14:03:30.260000
4EKFA417,TransferChamber-EndEffector2,TASJR91,17,29381.120000,29396.070000,14.950020,2026-04-13 14:03:30.260000,2026-04-13 14:03:45.210000
4EKFA417,PM2-PML1,TASJR91,17,29396.070000,29576.990000,180.919980,2026-04-13 14:03:45.210000,2026-04-13 14:06:46.130000
4EKFA417,TransferChamber-EndEffector2,TASJR91,17,29576.990000,29583.760000,6.769980,2026-04-13 14:06:46.130000,2026-04-13 14:06:52.900000
4EKFA417,PM5-PML1,TASJR91,17,29583.760000,29641.150000,57.390000,2026-04-13 14:06:52.900000,2026-04-13 14:07:50.290000
4EKFA417,TransferChamber-EndEffector2,TASJR91,17,29641.150000,29645.490000,4.339980,2026-04-13 14:07:50.290000,2026-04-13 14:07:54.630000
4EKFA417,AirLock2-oSlot1,TASJR91,17,29645.490000,29666.450000,2.095998,2026-04-13 14:07:54.630000,2026-04-13 14:08:15.590000
4EKFA417,AtmArm-EndEffector11,TASJR91,17,29666.450000,29671.402000,4.950000,2026-04-13 14:08:15.590000,2026-04-13 14:08:20.542000
4EKFA417,CoolStationAL1PM7,TASJR91,17,29671.402000,29915.415000,244.009980,2026-04-13 14:08:20.542000,2026-04-13 14:12:24.555000
4EKFA417,AtmArm-EndEffector11,TASJR91,17,29915.415000,29918.980000,3.570000,2026-04-13 14:12:24.555000,2026-04-13 14:12:28.120000
4EKFA417,CoolStationAL3PML17,TASJR91,17,29918.980000,30282.520000,363.540000,2026-04-13 14:12:28.120000,2026-04-13 14:18:31.660000
4EKFA417,AtmArm-EndEfferctor11,TASJR91,17,30282.520000,30285.090000,2.569980,2026-04-13 14:18:31.660000,2026-04-13 14:18:34.230000
4EKFA417,AtmArm-EndEfferctor11,TASJR91,9,30070.530000,30084.780000,14.250000,2026-04-13 14:14:59.670000,2026-04-13 14:15:13.920000
4EKFA417,AirLock1-iSlot1,TASJR91,9,30084.780000,30147.480000,62.700000,2026-04-13 14:15:13.920000,2026-04-13 14:16:16.620000
4EKFA417,TransferChamber-EndEffector2,TASJR91,9,30147.480000,30195.820000,48.360000,2026-04-13 14:16:16.620000,2026-04-13 14:17:04.960000
4EKFA417,PM3PML1,TASJR91,9,30195.820000,30375.020000,179.149980,2026-04-13 14:17:04.960000,2026-04-13 14:20:04.160000
4EKFA417,TransferChamber-EndEffector2,TASJR91,9,30375.020000,30381.020000,6.000000,2026-04-13 14:20:04.160000,2026-04-13 14:20:10.160000
4EKFA417,PM5-PML1,TASJR91,9,30381.020000,30439.420000,58.390020,2026-04-13 14:20:10.160000,2026-04-13 14:21:08.560000
4EKFA417,TransferChamber-EndEffector2,TASJR91,9,30439.420000,30442.420000,3.000000,2026-04-13 14:21:08.560000,2026-04-13 14:21:11.560000
4EKFA417,AirLock2-oSlot1,TASJR91,9,30442.420000,30464.820000,22.429980,2026-04-13 14:21:11.560000,2026-04-13 14:21:33.960000
4EKFA417,AtmArm-EndEffector11,TASJR91,9,30464.820000,30469.120000,4.260000,2026-04-13 14:21:33.960000,2026-04-13 14:21:38.260000
4EKFA417,CoolStationAL1PML5,TASJR91,9,30469.120000,30719.120000,250.069980,2026-04-13 14:21:38.260000,2026-04-13 14:25:48.260000
4EKFA417,AtmArm-EndEffector11,TASJR91,9,30719.120000,30723.820000,4.699980,2026-04-13 14:25:48.260000,2026-04-13 14:25:52.960000
4EKFA417,CoolStationAL4PML9,TASJR91,9,30723.820000,31106.620000,382.780020,2026-04-13 14:25:52.960000,2026-04-13 14:32:15.760000
4EKFA417,AtmArm-EndEffector11,TASJR91,9,31106.620000,31112.220000,5.530020,2026-04-13 14:32:15.760000,2026-04-13 14:32:21.360000
4EKFA417,AtmArm-EndEfferctor11,TASJR91,17,31172.220000,31187.067000,14.820000,2026-04-13 14:33:21.360000,2026-04-13 14:33:36.207000
4EKFA417,AirLock1-iSlot1,TASJR91,17,31187.067000,31214.780000,27.720000,2026-04-13 14:33:36.207000,2026-04-13 14:34:03.920000
4EKFA417,TransferChamber-EndEffector2,TASJR91,17,31214.780000,31229.730000,14.950020,2026-04-13 14:34:03.920000,2026-04-13 14:34:18.870000
4EKFA417,PM2-PML1,TASJR91,17,31229.730000,31410.650000,180.919980,2026-04-13 14:34:18.870000,2026-04-13 14:37:19.790000
4EKFA417,TransferChamber-EndEffector2,TASJR91,17,31410.650000,31417.420000,6.769980,2026-04-13 14:37:19.790000,2026-04-13 14:37:26.560000
4EKFA417,PM5-PML1,TASJR91,17,31417.420000,31474.810000,57.390000,2026-04-13 14:37:26.560000,2026-04-13 14:38:23.950000
4EKFA417,TransferChamber-EndEffector2,TASJR91,17,31474.810000,31479.150000,4.339980,2026-04-13 14:38:23.950000,2026-04-13 14:38:28.290000
4EKFA417,AirLock2-oSlot1,TASJR91,17,31479.150000,31500.110000,2.095998,2026-04-13 14:38:28.290000,2026-04-13 14:38:49.250000
4EKFA417,AtmArm-EndEffector11,TASJR91,17,31500.110000,31505.062000,4.950000,2026-04-13 14:38:49.250000,2026-04-13 14:38:54.202000
4EKFA417,CoolStationAL1PM7,TASJR91,17,31505.062000,31749.075000,244.009980,2026-04-13 14:38:54.202000,2026-04-13 14:42:58.215000
4EKFA417,AtmArm-EndEffector11,TASJR91,17,31749.075000,31752.640000,3.570000,2026-04-13 14:42:58.215000,2026-04-13 14:43:01.780000
4EKFA417,CoolStationAL3PML17,TASJR91,17,31752.640000,32116.180000,363.540000,2026-04-13 14:43:01.780000,2026-04-13 14:49:05.320000
4EKFA417,AtmArm-EndEfferctor11,TASJR91,17,32116.180000,32118.750000,2.569980,2026-04-13 14:49:05.320000,2026-04-13 14:49:07.890000
4EKFA417,AtmArm-EndEfferctor11,TASJR91,9,31904.190000,31918.440000,14.250000,2026-04-13 14:45:33.330000,2026-04-13 14:45:47.580000
4EKFA417,AirLock1-iSlot1,TASJR91,9,31918.440000,31981.140000,62.700000,2026-04-13 14:45:47.580000,2026-04-13 14:46:50.280000
4EKFA417,TransferChamber-EndEffector2,TASJR91,9,31981.140000,32029.480000,48.360000,2026-04-13 14:46:50.280000,2026-04-13 14:47:38.620000
4EKFA417,PM3PML1,TASJR91,9,32029.480000,32208.680000,179.149980,2026-04-13 14:47:38.620000,2026-04-13 14:50:37.820000
4EKFA417,TransferChamber-EndEffector2,TASJR91,9,32208.680000,32214.680000,6.000000,2026-04-13 14:50:37.820000,2026-04-13 14:50:43.820000
4EKFA417,PM5-PML1,TASJR91,9,32214.680000,32273.080000,58.390020,2026-04-13 14:50:43.820000,2026-04-13 14:51:42.220000
4EKFA417,TransferChamber-EndEffector2,TASJR91,9,32273.080000,32276.080000,3.000000,2026-04-13 14:51:42.220000,2026-04-13 14:51:45.220000
4EKFA417,AirLock2-oSlot1,TASJR91,9,32276.080000,32298.480000,22.429980,2026-04-13 14:51:45.220000,2026-04-13 14:52:07.620000
4EKFA417,AtmArm-EndEffector11,TASJR91,9,32298.480000,32302.780000,4.260000,2026-04-13 14:52:07.620000,2026-04-13 14:52:11.920000
4EKFA417,CoolStationAL1PML5,TASJR91,9,32302.780000,32552.780000,250.069980,2026-04-13 14:52:11.920000,2026-04-13 14:56:21.920000
4EKFA417,AtmArm-EndEffector11,TASJR91,9,32552.780000,32557.480000,4.699980,2026-04-13 14:56:21.920000,2026-04-13 14:56:26.620000
4EKFA417,CoolStationAL4PML9,TASJR91,9,32557.480000,32940.280000,382.780020,2026-04-13 14:56:26.620000,2026-04-13 15:02:49.420000
4EKFA417,AtmArm-EndEffector11,TASJR91,9,32940.280000,32945.880000,5.530020,2026-04-13 15:02:49.420000,2026-04-13 15:02:55.020000
4EKFA417,AtmArm-EndEfferctor11,TASJR91,17,33005.880000,33020.727000,14.820000,2026-04-13 15:03:55.020000,2026-04-13 15:04:09.867000
4EKFA417,AirLock1-iSlot1,TASJR91,17,33020.727000,33048.440000,27.720000,2026-04-13 15:04:09.867000,2026-04-13 15:04:37.580000
4EKFA417,TransferChamber-EndEffector2,TASJR91,17,33048.440000,33063.390000,14.950020,2026-04-13 15:04:37.580000,2026-04-13 15:04:52.530000
4EKFA417,PM2-PML1,TASJR91,17,33063.390000,33244.310000,180.919980,2026-04-13 15:04:52.530000,2026-04-13 15:07:53.450000
4EKFA417,TransferChamber-EndEffector2,TASJR91,17,33244.310000,33251.080000,6.769980,2026-04-13 15:07:53.450000,2026-04-13 15:08:00.220000
4EKFA417,PM5-PML1,TASJR91,17,33251.080000,33308.470000,57.390000,2026-04-13 15:08:00.220000,2026-04-13 15:08:57.610000
4EKFA417,TransferChamber-EndEffector2,TASJR91,17,33308.470000,33312.810000,4.339980,2026-04-13 15:08:57.610000,2026-04-13 15:09:01.950000
4EKFA417,AirLock2-oSlot1,TASJR91,17,33312.810000,33333.770000,2.095998,2026-04-13 15:09:01.950000,2026-04-13 15:09:22.910000
4EKFA417,AtmArm-EndEffector11,TASJR91,17,33333.770000,33338.722000,4.950000,2026-04-13 15:09:22.910000,2026-04-13 15:09:27.862000
4EKFA417,CoolStationAL1PM7,TASJR91,17,33338.722000,33582.735000,244.009980,2026-04-13 15:09:27.862000,2026-04-13 15:13:31.875000
4EKFA417,AtmArm-EndEffector11,TASJR91,17,33582.735000,33586.300000,3.570000,2026-04-13 15:13:31.875000,2026-04-13 15:13:35.440000
4EKFA417,CoolStationAL3PML17,TASJR91,17,33586.300000,33949.840000,363.540000,2026-04-13 15:13:35.440000,2026-04-13 15:19:38.980000
4EKFA417,AtmArm-EndEfferctor11,TASJR91,17,33949.840000,33952.410000,2.569980,2026-04-13 15:19:38.980000,2026-04-13 15:19:41.550000
4EKFA417,AtmArm-EndEfferctor11,TASJR91,9,33737.850000,33752.100000,14.250000,2026-04-13 15:16:06.990000,2026-04-13 15:16:21.240000
4EKFA417,AirLock1-iSlot1,TASJR91,9,33752.100000,33814.800000,62.700000,2026-04-13 15:16:21.240000,2026-04-13 15:17:23.940000
4EKFA417,TransferChamber-EndEffector2,TASJR91,9,33814.800000,33863.140000,48.360000,2026-04-13 15:17:23.940000,2026-04-13 15:18:12.280000
4EKFA417,PM3PML1,TASJR91,9,33863.140000,34042.340000,179.149980,2026-04-13 15:18:12.280000,2026-04-13 15:21:11.480000
4EKFA417,TransferChamber-EndEffector2,TASJR91,9,34042.340000,34048.340000,6.000000,2026-04-13 15:21:11.480000,2026-04-13 15:21:17.480000
4EKFA417,PM5-PML1,TASJR91,9,34048.340000,34106.740000,58.390020,2026-04-13 15:21:17.480000,2026-04-13 15:22:15.880000
4EKFA417,TransferChamber-EndEffector2,TASJR91,9,34106.740000,34109.740000,3.000000,2026-04-13 15:22:15.880000,2026-04-13 15:22:18.880000
4EKFA417,AirLock2-oSlot1,TASJR91,9,34109.740000,34132.140000,22.429980,2026-04-13 15:22:18.880000,2026-04-13 15:22:41.280000
4EKFA417,AtmArm-EndEffector11,TASJR91,9,34132.140000,34136.440000,4.260000,2026-04-13 15:22:41.280000,2026-04-13 15:22:45.580000
4EKFA417,CoolStationAL1PML5,TASJR91,9,34136.440000,34386.440000,250.069980,2026-04-13 15:22:45.580000,2026-04-13 15:26:55.580000
4EKFA417,AtmArm-EndEffector11,TASJR91,9,34386.440000,34391.140000,4.699980,2026-04-13 15:26:55.580000,2026-04-13 15:27:00.280000
4EKFA417,CoolStationAL4PML9,TASJR91,9,34391.140000,34773.940000,382.780020,2026-04-13 15:27:00.280000,2026-04-13 15:33:23.080000
4EKFA417,AtmArm-EndEffector11,TASJR91,9,34773.940000,34779.540000,5.530020,2026-04-13 15:33:23.080000,2026-04-13 15:33:28.680000
4EKFA417,AtmArm-EndEfferctor11,TASJR91,17,34839.540000,34854.387000,14.820000,2026-04-13 15:34:28.680000,2026-04-13 15:34:43.527000
4EKFA417,AirLock1-iSlot1,TASJR91,17,34854.387000,34882.100000,27.720000,2026-04-13 15:34:43.527000,2026-04-13 15:35:11.240000
4EKFA417,TransferChamber-EndEffector2,TASJR91,17,34882.100000,34897.050000,14.950020,2026-04-13 15:35:11.240000,2026-04-13 15:35:26.190000
4EKFA417,PM2-PML1,TASJR91,17,34897.050000,35077.970000,180.919980,2026-04-13 15:35:26.190000,2026-04-13 15:38:27.110000
4EKFA417,TransferChamber-EndEffector2,TASJR91,17,35077.970000,35084.740000,6.769980,2026-04-13 15:38:27.110000,2026-04-13 15:38:33.880000
4EKFA417,PM5-PML1,TASJR91,17,35084.740000,35142.130000,57.390000,2026-04-13 15:38:33.880000,2026-04-13 15:39:31.270000
4EKFA417,TransferChamber-EndEffector2,TASJR91,17,35142.130000,35146.470000,4.339980,2026-04-13 15:39:31.270000,2026-04-13 15:39:35.610000
4EKFA417,AirLock2-oSlot1,TASJR91,17,35146.470000,35167.430000,2.095998,2026-04-13 15:39:35.610000,2026-04-13 15:39:56.570000
4EKFA417,AtmArm-EndEffector11,TASJR91,17,35167.430000,35172.382000,4.950000,2026-04-13 15:39:56.570000,2026-04-13 15:40:01.522000
4EKFA417,CoolStationAL1PM7,TASJR91,17,35172.382000,35416.395000,244.009980,2026-04-13 15:40:01.522000,2026-04-13 15:44:05.535000
4EKFA417,AtmArm-EndEffector11,TASJR91,17,35416.395000,35419.960000,3.570000,2026-04-13 15:44:05.535000,2026-04-13 15:44:09.100000
4EKFA417,CoolStationAL3PML17,TASJR91,17,35419.960000,35783.500000,363.540000,2026-04-13 15:44:09.100000,2026-04-13 15:50:12.640000
4EKFA417,AtmArm-EndEfferctor11,TASJR91,17,35783.500000,35786.070000,2.569980,2026-04-13 15:50:12.640000,2026-04-13 15:50:15.210000
4EKFA417,AtmArm-EndEfferctor11,TASJR91,9,35571.510000,35585.760000,14.250000,2026-04-13 15:46:40.650000,2026-04-13 15:46:54.900000
4EKFA417,AirLock1-iSlot1,TASJR91,9,35585.760000,35648.460000,62.700000,2026-04-13 15:46:54.900000,2026-04-13 15:47:57.600000
4EKFA417,TransferChamber-EndEffector2,TASJR91,9,35648.460000,35696.800000,48.360000,2026-04-13 15:47:57.600000,2026-04-13 15:48:45.940000
4EKFA417,PM3PML1,TASJR91,9,35696.800000,35876.000000,179.149980,2026-04-13 15:48:45.940000,2026-04-13 15:51:45.140000
4EKFA417,TransferChamber-EndEffector2,TASJR91,9,35876.000000,35882.000000,6.000000,2026-04-13 15:51:45.140000,2026-04-13 15:51:51.140000
4EKFA417,PM5-PML1,TASJR91,9,35882.000000,35940.400000,58.390020,2026-04-13 15:51:51.140000,2026-04-13 15:52:49.540000
4EKFA417,TransferChamber-EndEffector2,TASJR91,9,35940.400000,35943.400000,3.000000,2026-04-13 15:52:49.540000,2026-04-13 15:52:52.540000
4EKFA417,AirLock2-oSlot1,TASJR91,9,35943.400000,35965.800000,22.429980,2026-04-13 15:52:52.540000,2026-04-13 15:53:14.940000
4EKFA417,AtmArm-EndEffector11,TASJR91,9,35965.800000,35970.100000,4.260000,2026-04-13 15:53:14.940000,2026-04-13 15:53:19.240000
4EKFA417,CoolStationAL1PML5,TASJR91,9,35970.100000,36220.100000,250.069980,2026-04-13 15:53:19.240000,2026-04-13 15:57:29.240000
4EKFA417,AtmArm-EndEffector11,TASJR91,9,36220.100000,36224.800000,4.699980,2026-04-13 15:57:29.240000,2026-04-13 15:57:33.940000
4EKFA417,CoolStationAL4PML9,TASJR91,9,36224.800000,36607.600000,382.780020,2026-04-13 15:57:33.940000,2026-04-13 16:03:56.740000
4EKFA417,AtmArm-EndEffector11,TASJR91,9,36607.600000,36613.200000,5.530020,2026-04-13 16:03:56.740000,2026-04-13 16:04:02.340000
4EKFA417,AtmArm-EndEfferctor11,TASJR91,17,36673.200000,36688.047000,14.820000,2026-04-13 16:05:02.340000,2026-04-13 16:05:17.187000
4EKFA417,AirLock1-iSlot1,TASJR91,17,36688.047000,36715.760000,27.720000,2026-04-13 16:05:17.187000,2026-04-13 16:05:44.900000
4EKFA417,TransferChamber-EndEffector2,TASJR91,17,36715.760000,36730.710000,14.950020,2026-04-13 16:05:44.900000,2026-04-13 16:05:59.850000
4EKFA417,PM2-PML1,TASJR91,17,36730.710000,36911.630000,180.919980,2026-04-13 16:05:59.850000,2026-04-13 16:09:00.770000
4EKFA417,TransferChamber-EndEffector2,TASJR91,17,36911.630000,36918.400000,6.769980,2026-04-13 16:09:00.770000,2026-04-13 16:09:07.540000
4EKFA417,PM5-PML1,TASJR91,17,36918.400000,36975.790000,57.390000,2026-04-13 16:09:07.540000,2026-04-13 16:10:04.930000
4EKFA417,TransferChamber-EndEffector2,TASJR91,17,36975.790000,36980.130000,4.339980,2026-04-13 16:10:04.930000,2026-04-13 16:10:09.270000
4EKFA417,AirLock2-oSlot1,TASJR91,17,36980.130000,37001.090000,2.095998,2026-04-13 16:10:09.270000,2026-04-13 16:10:30.230000
4EKFA417,AtmArm-EndEffector11,TASJR91,17,37001.090000,37006.042000,4.950000,2026-04-13 16:10:30.230000,2026-04-13 16:10:35.182000
4EKFA417,CoolStationAL1PM7,TASJR91,17,37006.042000,37250.055000,244.009980,2026-04-13 16:10:35.182000,2026-04-13 16:14:39.195000
4EKFA417,AtmArm-EndEffector11,TASJR91,17,37250.055000,37253.620000,3.570000,2026-04-13 16:14:39.195000,2026-04-13 16:14:42.760000
4EKFA417,CoolStationAL3PML17,TASJR91,17,37253.620000,37617.160000,363.540000,2026-04-13 16:14:42.760000,2026-04-13 16:20:46.300000
4EKFA417,AtmArm-EndEfferctor11,TASJR91,17,37617.160000,37619.730000,2.569980,2026-04-13 16:20:46.300000,2026-04-13 16:20:48.870000
4EKFA417,AtmArm-EndEfferctor11,TASJR91,9,37405.170000,37419.420000,14.250000,2026-04-13 16:17:14.310000,2026-04-13 16:17:28.560000
4EKFA417,AirLock1-iSlot1,TASJR91,9,37419.420000,37482.120000,62.700000,2026-04-13 16:17:28.560000,2026-04-13 16:18:31.260000
4EKFA417,TransferChamber-EndEffector2,TASJR91,9,37482.120000,37530.460000,48.360000,2026-04-13 16:18:31.260000,2026-04-13 16:19:19.600000
4EKFA417,PM3PML1,TASJR91,9,37530.460000,37709.660000,179.149980,2026-04-13 16:19:19.600000,2026-04-13 16:22:18.800000
4EKFA417,TransferChamber-EndEffector2,TASJR91,9,37709.660000,37715.660000,6.000000,2026-04-13 16:22:18.800000,2026-04-13 16:22:24.800000
4EKFA417,PM5-PML1,TASJR91,9,37715.660000,37774.060000,58.390020,2026-04-13 16:22:24.800000,2026-04-13 16:23:23.200000
4EKFA417,TransferChamber-EndEffector2,TASJR91,9,37774.060000,37777.060000,3.000000,2026-04-13 16:23:23.200000,2026-04-13 16:23:26.200000
4EKFA417,AirLock2-oSlot1,TASJR91,9,37777.060000,37799.460000,22.429980,2026-04-13 16:23:26.200000,2026-04-13 16:23:48.600000
4EKFA417,AtmArm-EndEffector11,TASJR91,9,37799.460000,37803.760000,4.260000,2026-04-13 16:23:48.600000,2026-04-13 16:23:52.900000
4EKFA417,CoolStationAL1PML5,TASJR91,9,37803.760000,38053.760000,250.069980,2026-04-13 16:23:52.900000,2026-04-13 16:28:02.900000
4EKFA417,AtmArm-EndEffector11,TASJR91,9,38053.760000,38058.460000,4.699980,2026-04-13 16:28:02.900000,2026-04-13 16:28:07.600000
4EKFA417,CoolStationAL4PML9,TASJR91,9,38058.460000,38441.260000,382.780020,2026-04-13 16:28:07.600000,2026-04-13 16:34:30.400000
4EKFA417,AtmArm-EndEffector11,TASJR91,9,38441.260000,38446.860000,5.530020,2026-04-13 16:34:30.400000,2026-04-13 16:34:36.000000
4EKFA417,AtmArm-EndEfferctor11,TASJR91,17,38506.860000,38521.707000,14.820000,2026-04-13 16:35:36.000000,2026-04-13 16:35:50.847000
4EKFA417,AirLock1-iSlot1,TASJR91,17,38521.707000,38549.420000,27.720000,2026-04-13 16:35:50.847000,2026-04-13 16:36:18.560000
4EKFA417,TransferChamber-EndEffector2,TASJR91,17,38549.420000,38564.370000,14.950020,2026-04-13 16:36:18.560000,2026-04-13 16:36:33.510000
4EKFA417,PM2-PML1,TASJR91,17,38564.370000,38745.290000,180.919980,2026-04-13 16:36:33.510000,2026-04-13 16:39:34.430000
4EKFA417,TransferChamber-EndEffector2,TASJR91,17,38745.290000,38752.060000,6.769980,2026-04-13 16:39:34.430000,2026-04-13 16:39:41.200000
4EKFA417,PM5-PML1,TASJR91,17,38752.060000,38809.450000,57.390000,2026-04-13 16:39:41.200000,2026-04-13 16:40:38.590000
4EKFA417,TransferChamber-EndEffector2,TASJR91,17,38809.450000,38813.790000,4.339980,2026-04-13 16:40:38.590000,2026-04-13 16:40:42.930000
4EKFA417,AirLock2-oSlot1,TASJR91,17,38813.790000,38834.750000,2.095998,2026-04-13 16:40:42.930000,2026-04-13 16:41:03.890000
4EKFA417,AtmArm-EndEffector11,TASJR91,17,38834.750000,38839.702000,4.950000,2026-04-13 16:41:03.890000,2026-04-13 16:41:08.842000
4EKFA417,CoolStationAL1PM7,TASJR91,17,38839.702000,39083.715000,244.009980,2026-04-13 16:41:08.842000,2026-04-13 16:45:12.855000
4EKFA417,AtmArm-EndEffector11,TASJR91,17,39083.715000,39087.280000,3.570000,2026-04-13 16:45:12.855000,2026-04-13 16:45:16.420000
4EKFA417,CoolStationAL3PML17,TASJR91,17,39087.280000,39450.820000,363.540000,2026-04-13 16:45:16.420000,2026-04-13 16:51:19.960000
4EKFA417,AtmArm-EndEfferctor11,TASJR91,17,39450.820000,39453.390000,2.569980,2026-04-13 16:51:19.960000,2026-04-13 16:51:22.530000
4EKFA417,AtmArm-EndEfferctor11,TASJR91,9,39238.830000,39253.080000,14.250000,2026-04-13 16:47:47.970000,2026-04-13 16:48:02.220000
4EKFA417,AirLock1-iSlot1,TASJR91,9,39253.080000,39315.780000,62.700000,2026-04-13 16:48:02.220000,2026-04-13 16:49:04.920000
4EKFA417,TransferChamber-EndEffector2,TASJR91,9,39315.780000,39364.120000,48.360000,2026-04-13 16:49:04.920000,2026-04-13 16:49:53.260000
4EKFA417,PM3PML1,TASJR91,9,39364.120000,39543.320000,179.149980,2026-04-13 16:49:53.260000,2026-04-13 16:52:52.460000
4EKFA417,TransferChamber-EndEffector2,TASJR91,9,39543.320000,39549.320000,6.000000,2026-04-13 16:52:52.460000,2026-04-13 16:52:58.460000
4EKFA417,PM5-PML1,TASJR91,9,39549.320000,39607.720000,58.390020,2026-04-13 16:52:58.460000,2026-04-13 16:53:56.860000
4EKFA417,TransferChamber-EndEffector2,TASJR91,9,39607.720000,39610.720000,3.000000,2026-04-13 16:53:56.860000,2026-04-13 16:53:59.860000
4EKFA417,AirLock2-oSlot1,TASJR91,9,39610.720000,39633.120000,22.429980,2026-04-13 16:53:59.860000,2026-04-13 16:54:22.260000
4EKFA417,AtmArm-EndEffector11,TASJR91,9,39633.120000,39637.420000,4.260000,2026-04-13 16:54:22.260000,2026-04-13 16:54:26.560000
4EKFA417,CoolStationAL1PML5,TASJR91,9,39637.420000,39887.420000,250.069980,2026-04-13 16:54:26.560000,2026-04-13 16:58:36.560000
4EKFA417,AtmArm-EndEffector11,TASJR91,9,39887.420000,39892.120000,4.699980,2026-04-13 16:58:36.560000,2026-04-13 16:58:41.260000
4EKFA417,CoolStationAL4PML9,TASJR91,9,39892.120000,40274.920000,382.780020,2026-04-13 16:58:41.260000,2026-04-13 17:05:04.060000
4EKFA417,AtmArm-EndEffector11,TASJR91,9,40274.920000,40280.520000,5.530020,2026-04-13 17:05:04.060000,2026-04-13 17:05:09.660000
4EKFA417,AtmArm-EndEfferctor11,TASJR91,17,40340.520000,40355.367000,14.820000,2026-04-13 17:06:09.660000,2026-04-13 17:06:24.507000
4EKFA417,AirLock1-iSlot1,TASJR91,17,40355.367000,40383.080000,27.720000,2026-04-13 17:06:24.507000,2026-04-13 17:06:52.220000
4EKFA417,TransferChamber-EndEffector2,TASJR91,17,40383.080000,40398.030000,14.950020,2026-04-13 17:06:52.220000,2026-04-13 17:07:07.170000
4EKFA417,PM2-PML1,TASJR91,17,40398.030000,40578.950000,180.919980,2026-04-13 17:07:07.170000,2026-04-13 17:10:08.090000
4EKFA417,TransferChamber-EndEffector2,TASJR91,17,40578.950000,40585.720000,6.769980,2026-04-13 17:10:08.090000,2026-04-13 17:10:14.860000
4EKFA417,PM5-PML1,TASJR91,17,40585.720000,40643.110000,57.390000,2026-04-13 17:10:14.860000,2026-04-13 17:11:12.250000
4EKFA417,TransferChamber-EndEffector2,TASJR91,17,40643.110000,40647.450000,4.339980,2026-04-13 17:11:12.250000,2026-04-13 17:11:16.590000
4EKFA417,AirLock2-oSlot1,TASJR91,17,40647.450000,40668.410000,2.095998,2026-04-13 17:11:16.590000,2026-04-13 17:11:37.550000
4EKFA417,AtmArm-EndEffector11,TASJR91,17,40668.410000,40673.362000,4.950000,2026-04-13 17:11:37.550000,2026-04-13 17:11:42.502000
4EKFA417,CoolStationAL1PM7,TASJR91,17,40673.362000,40917.375000,244.009980,2026-04-13 17:11:42.502000,2026-04-13 17:15:46.515000
4EKFA417,AtmArm-EndEffector11,TASJR91,17,40917.375000,40920.940000,3.570000,2026-04-13 17:15:46.515000,2026-04-13 17:15:50.080000
4EKFA417,CoolStationAL3PML17,TASJR91,17,40920.940000,41284.480000,363.540000,2026-04-13 17:15:50.080000,2026-04-13 17:21:53.620000
4EKFA417,AtmArm-EndEfferctor11,TASJR91,17,41284.480000,41287.050000,2.569980,2026-04-13 17:21:53.620000,2026-04-13 17:21:56.190000
4EKFA417,AtmArm-EndEfferctor11,TASJR91,9,41072.490000,41086.740000,14.250000,2026-04-13 17:18:21.630000,2026-04-13 17:18:35.880000
4EKFA417,AirLock1-iSlot1,TASJR91,9,41086.740000,41149.440000,62.700000,2026-04-13 17:18:35.880000,2026-04-13 17:19:38.580000
4EKFA417,TransferChamber-EndEffector2,TASJR91,9,41149.440000,41197.780000,48.360000,2026-04-13 17:19:38.580000,2026-04-13 17:20:26.920000
4EKFA417,PM3PML1,TASJR91,9,41197.780000,41376.980000,179.149980,2026-04-13 17:20:26.920000,2026-04-13 17:23:26.120000
4EKFA417,TransferChamber-EndEffector2,TASJR91,9,41376.980000,41382.980000,6.000000,2026-04-13 17:23:26.120000,2026-04-13 17:23:32.120000
4EKFA417,PM5-PML1,TASJR91,9,41382.980000,41441.380000,58.390020,2026-04-13 17:23:32.120000,2026-04-13 17:24:30.520000
4EKFA417,TransferChamber-EndEffector2,TASJR91,9,41441.380000,41444.380000,3.000000,2026-04-13 17:24:30.520000,2026-04-13 17:24:33.520000
4EKFA417,AirLock2-oSlot1,TASJR91,9,41444.380000,41466.780000,22.429980,2026-04-13 17:24:33.520000,2026-04-13 17:24:55.920000
4EKFA417,AtmArm-EndEffector11,TASJR91,9,41466.780000,41471.080000,4.260000,2026-04-13 17:24:55.920000,2026-04-13 17:25:00.220000
4EKFA417,CoolStationAL1PML5,TASJR91,9,41471.080000,41721.080000,250.069980,2026-04-13 17:25:00.220000,2026-04-13 17:29:10.220000
4EKFA417,AtmArm-EndEffector11,TASJR91,9,41721.080000,41725.780000,4.699980,2026-04-13 17:29:10.220000,2026-04-13 17:29:14.920000
4EKFA417,CoolStationAL4PML9,TASJR91,9,41725.780000,42108.580000,382.780020,2026-04-13 17:29:14.920000,2026-04-13 17:35:37.720000
4EKFA417,AtmArm-EndEffector11,TASJR91,9,42108.580000,42114.180000,5.530020,2026-04-13 17:35:37.720000,2026-04-13 17:35:43.320000
4EKFA417,AtmArm-EndEfferctor11,TASJR91,17,42174.180000,42189.027000,14.820000,2026-04-13 17:36:43.320000,2026-04-13 17:36:58.167000
4EKFA417,AirLock1-iSlot1,TASJR91,17,42189.027000,42216.740000,27.720000,2026-04-13 17:36:58.167000,2026-04-13 17:37:25.880000
4EKFA417,TransferChamber-EndEffector2,TASJR91,17,42216.740000,42231.690000,14.950020,2026-04-13 17:37:25.880000,2026-04-13 17:37:40.830000
4EKFA417,PM2-PML1,TASJR91,17,42231.690000,42412.610000,180.919980,2026-04-13 17:37:40.830000,2026-04-13 17:40:41.750000
4EKFA417,TransferChamber-EndEffector2,TASJR91,17,42412.610000,42419.380000,6.769980,2026-04-13 17:40:41.750000,2026-04-13 17:40:48.520000
4EKFA417,PM5-PML1,TASJR91,17,42419.380000,42476.770000,57.390000,2026-04-13 17:40:48.520000,2026-04-13 17:41:45.910000
4EKFA417,TransferChamber-EndEffector2,TASJR91,17,42476.770000,42481.110000,4.339980,2026-04-13 17:41:45.910000,2026-04-13 17:41:50.250000
4EKFA417,AirLock2-oSlot1,TASJR91,17,42481.110000,42502.070000,2.095998,2026-04-13 17:41:50.250000,2026-04-13 17:42:11.210000
4EKFA417,AtmArm-EndEffector11,TASJR91,17,42502.070000,42507.022000,4.950000,2026-04-13 17:42:11.210000,2026-04-13 17:42:16.162000
4EKFA417,CoolStationAL1PM7,TASJR91,17,42507.022000,42751.035000,244.009980,2026-04-13 17:42:16.162000,2026-04-13 17:46:20.175000
4EKFA417,AtmArm-EndEffector11,TASJR91,17,42751.035000,42754.600000,3.570000,2026-04-13 17:46:20.175000,2026-04-13 17:46:23.740000
4EKFA417,CoolStationAL3PML17,TASJR91,17,42754.600000,43118.140000,363.540000,2026-04-13 17:46:23.740000,2026-04-13 17:52:27.280000
4EKFA417,AtmArm-EndEfferctor11,TASJR91,17,43118.140000,43120.710000,2.569980,2026-04-13 17:52:27.280000,2026-04-13 17:52:29.850000
4EKFA417,AtmArm-EndEfferctor11,TASJR91,9,42906.150000,42920.400000,14.250000,2026-04-13 17:48:55.290000,2026-04-13 17:49:09.540000
4EKFA417,AirLock1-iSlot1,TASJR91,9,42920.400000,42983.100000,62.700000,2026-04-13 17:49:09.540000,2026-04-13 17:50:12.240000
4EKFA417,TransferChamber-EndEffector2,TASJR91,9,42983.100000,43031.440000,48.360000,2026-04-13 17:50:12.240000,2026-04-13 17:51:00.580000
4EKFA417,PM3PML1,TASJR91,9,43031.440000,43210.640000,179.149980,2026-04-13 17:51:00.580000,2026-04-13 17:53:59.780000
4EKFA417,TransferChamber-EndEffector2,TASJR91,9,43210.640000,43216.640000,6.000000,2026-04-13 17:53:59.780000,2026-04-13 17:54:05.780000
4EKFA417,PM5-PML1,TASJR91,9,43216.640000,43275.040000,58.390020,2026-04-13 17:54:05.780000,2026-04-13 17:55:04.180000
4EKFA417,TransferChamber-EndEffector2,TASJR91,9,43275.040000,43278.040000,3.000000,2026-04-13 17:55:04.180000,2026-04-13 17:55:07.180000
4EKFA417,AirLock2-oSlot1,TASJR91,9,43278.040000,43300.440000,22.429980,2026-04-13 17:55:07.180000,2026-04-13 17:55:29.580000
4EKFA417,AtmArm-EndEffector11,TASJR91,9,43300.440000,43304.740000,4.260000,2026-04-13 17:55:29.580000,2026-04-13 17:55:33.880000
4EKFA417,CoolStationAL1PML5,TASJR91,9,43304.740000,43554.740000,250.069980,2026-04-13 17:55:33.880000,2026-04-13 17:59:43.880000
4EKFA417,AtmArm-EndEffector11,TASJR91,9,43554.740000,43559.440000,4.699980,2026-04-13 17:59:43.880000,2026-04-13 17:59:48.580000
4EKFA417,CoolStationAL4PML9,TASJR91,9,43559.440000,43942.240000,382.780020,2026-04-13 17:59:48.580000,2026-04-13 18:06:11.380000
4EKFA417,AtmArm-EndEffector11,TASJR91,9,43942.240000,43947.840000,5.530020,2026-04-13 18:06:11.380000,2026-04-13 18:06:16.980000
4EKFA417,AtmArm-EndEfferctor11,TASJR91,17,44007.840000,44022.687000,14.820000,2026-04-13 18:07:16.980000,2026-04-13 18:07:31.827000
4EKFA417,AirLock1-iSlot1,TASJR91,17,44022.687000,44050.400000,27.720000,2026-04-13 18:07:31.827000,2026-04-13 18:07:59.540000
4EKFA417,TransferChamber-EndEffector2,TASJR91,17,44050.400000,44065.350000,14.950020,2026-04-13 18:07:59.540000,2026-04-13 18:08:14.490000
4EKFA417,PM2-PML1,TASJR91,17,44065.350000,44246.270000,180.919980,2026-04-13 18:08:14.490000,2026-04-13 18:11:15.410000
4EKFA417,TransferChamber-EndEffector2,TASJR91,17,44246.270000,44253.040000,6.769980,2026-04-13 18:11:15.410000,2026-04-13 18:11:22.180000
4EKFA417,PM5-PML1,TASJR91,17,44253.040000,44310.430000,57.390000,2026-04-13 18:11:22.180000,2026-04-13 18:12:19.570000
4EKFA417,TransferChamber-EndEffector2,TASJR91,17,44310.430000,44314.770000,4.339980,2026-04-13 18:12:19.570000,2026-04-13 18:12:23.910000
4EKFA417,AirLock2-oSlot1,TASJR91,17,44314.770000,44335.730000,2.095998,2026-04-13 18:12:23.910000,2026-04-13 18:12:44.870000
4EKFA417,AtmArm-EndEffector11,TASJR91,17,44335.730000,44340.682000,4.950000,2026-04-13 18:12:44.870000,2026-04-13 18:12:49.822000
4EKFA417,CoolStationAL1PM7,TASJR91,17,44340.682000,44584.695000,244.009980,2026-04-13 18:12:49.822000,2026-04-13 18:16:53.835000
4EKFA417,AtmArm-EndEffector11,TASJR91,17,44584.695000,44588.260000,3.570000,2026-04-13 18:16:53.835000,2026-04-13 18:16:57.400000
4EKFA417,CoolStationAL3PML17,TASJR91,17,44588.260000,44951.800000,363.540000,2026-04-13 18:16:57.400000,2026-04-13 18:23:00.940000
4EKFA417,AtmArm-EndEfferctor11,TASJR91,17,44951.800000,44954.370000,2.569980,2026-04-13 18:23:00.940000,2026-04-13 18:23:03.510000
4EKFA417,AtmArm-EndEfferctor11,TASJR91,9,44739.810000,44754.060000,14.250000,2026-04-13 18:19:28.950000,2026-04-13 18:19:43.200000
4EKFA417,AirLock1-iSlot1,TASJR91,9,44754.060000,44816.760000,62.700000,2026-04-13 18:19:43.200000,2026-04-13 18:20:45.900000
4EKFA417,TransferChamber-EndEffector2,TASJR91,9,44816.760000,44865.100000,48.360000,2026-04-13 18:20:45.900000,2026-04-13 18:21:34.240000
4EKFA417,PM3PML1,TASJR91,9,44865.100000,45044.300000,179.149980,2026-04-13 18:21:34.240000,2026-04-13 18:24:33.440000
4EKFA417,TransferChamber-EndEffector2,TASJR91,9,45044.300000,45050.300000,6.000000,2026-04-13 18:24:33.440000,2026-04-13 18:24:39.440000
4EKFA417,PM5-PML1,TASJR91,9,45050.300000,45108.700000,58.390020,2026-04-13 18:24:39.440000,2026-04-13 18:25:37.840000
4EKFA417,TransferChamber-EndEffector2,TASJR91,9,45108.700000,45111.700000,3.000000,2026-04-13 18:25:37.840000,2026-04-13 18:25:40.840000
4EKFA417,AirLock2-oSlot1,TASJR91,9,45111.700000,45134.100000,22.429980,2026-04-13 18:25:40.840000,2026-04-13 18:26:03.240000
4EKFA417,AtmArm-EndEffector11,TASJR91,9,45134.100000,45138.400000,4.260000,2026-04-13 18:26:03.240000,2026-04-13 18:26:07.540000
4EKFA417,CoolStationAL1PML5,TASJR91,9,45138.400000,45388.400000,250.069980,2026-04-13 18:26:07.540000,2026-04-13 18:30:17.540000
4EKFA417,AtmArm-EndEffector11,TASJR91,9,45388.400000,45393.100000,4.699980,2026-04-13 18:30:17.540000,2026-04-13 18:30:22.240000
4EKFA417,CoolStationAL4PML9,TASJR91,9,45393.100000,45775.900000,382.780020,2026-04-13 18:30:22.240000,2026-04-13 18:36:45.040000
4EKFA417,AtmArm-EndEffector11,TASJR91,9,45775.900000,45781.500000,5.530020,2026-04-13 18:36:45.040000,2026-04-13 18:36:50.640000
4EKFA417,AtmArm-EndEfferctor11,TASJR91,17,45841.500000,45856.347000,14.820000,2026-04-13 18:37:50.640000,2026-04-13 18:38:05.487000
4EKFA417,AirLock1-iSlot1,TASJR91,17,45856.347000,45884.060000,27.720000,2026-04-13 18:38:05.487000,2026-04-13 18:38:33.200000
4EKFA417,TransferChamber-EndEffector2,TASJR91,17,45884.060000,45899.010000,14.950020,2026-04-13 18:38:33.200000,2026-04-13 18:38:48.150000
4EKFA417,PM2-PML1,TASJR91,17,45899.010000,46079.930000,180.919980,2026-04-13 18:38:48.150000,2026-04-13 18:41:49.070000
4EKFA417,TransferChamber-EndEffector2,TASJR91,17,46079.930000,46086.700000,6.769980,2026-04-13 18:41:49.070000,2026-04-13 18:41:55.840000
4EKFA417,PM5-PML1,TASJR91,17,46086.700000,46144.090000,57.390000,2026-04-13 18:41:55.840000,2026-04-13 18:42:53.230000
4EKFA417,TransferChamber-EndEffector2,TASJR91,17,46144.090000,46148.430000,4.339980,2026-04-13 18:42:53.230000,2026-04-13 18:42:57.570000
4EKFA417,AirLock2-oSlot1,TASJR91,17,46148.430000,46169.390000,2.095998,2026-04-13 18:42:57.570000,2026-04-13 18:43:18.530000
4EKFA417,AtmArm-EndEffector11,TASJR91,17,46169.390000,46174.342000,4.950000,2026-04-13 18:43:18.530000,2026-04-13 18:43:23.482000
4EKFA417,CoolStationAL1PM7,TASJR91,17,46174.342000,46418.355000,244.009980,2026-04-13 18:43:23.482000,2026-04-13 18:47:27.495000
4EKFA417,AtmArm-EndEffector11,TASJR91,17,46418.355000,46421.920000,3.570000,2026-04-13 18:47:27.495000,2026-04-13 18:47:31.060000
4EKFA417,CoolStationAL3PML17,TASJR91,17,46421.920000,46785.460000,363.540000,2026-04-13 18:47:31.060000,2026-04-13 18:53:34.600000
4EKFA417,AtmArm-EndEfferctor11,TASJR91,17,46785.460000,46788.030000,2.569980,2026-04-13 18:53:34.600000,2026-04-13 18:53:37.170000
4EKFA417,AtmArm-EndEfferctor11,TASJR91,9,46573.470000,46587.720000,14.250000,2026-04-13 18:50:02.610000,2026-04-13 18:50:16.860000
4EKFA417,AirLock1-iSlot1,TASJR91,9,46587.720000,46650.420000,62.700000,2026-04-13 18:50:16.860000,2026-04-13 18:51:19.560000
4EKFA417,TransferChamber-EndEffector2,TASJR91,9,46650.420000,46698.760000,48.360000,2026-04-13 18:51:19.560000,2026-04-13 18:52:07.900000
4EKFA417,PM3PML1,TASJR91,9,46698.760000,46877.960000,179.149980,2026-04-13 18:52:07.900000,2026-04-13 18:55:07.100000
4EKFA417,TransferChamber-EndEffector2,TASJR91,9,46877.960000,46883.960000,6.000000,2026-04-13 18:55:07.100000,2026-04-13 18:55:13.100000
4EKFA417,PM5-PML1,TASJR91,9,46883.960000,46942.360000,58.390020,2026-04-13 18:55:13.100000,2026-04-13 18:56:11.500000
4EKFA417,TransferChamber-EndEffector2,TASJR91,9,46942.360000,46945.360000,3.000000,2026-04-13 18:56:11.500000,2026-04-13 18:56:14.500000
4EKFA417,AirLock2-oSlot1,TASJR91,9,46945.360000,46967.760000,22.429980,2026-04-13 18:56:14.500000,2026-04-13 18:56:36.900000
4EKFA417,AtmArm-EndEffector11,TASJR91,9,46967.760000,46972.060000,4.260000,2026-04-13 18:56:36.900000,2026-04-13 18:56:41.200000
4EKFA417,CoolStationAL1PML5,TASJR91,9,46972.060000,47222.060000,250.069980,2026-04-13 18:56:41.200000,2026-04-13 19:00:51.200000
4EKFA417,AtmArm-EndEffector11,TASJR91,9,47222.060000,47226.760000,4.699980,2026-04-13 19:00:51.200000,2026-04-13 19:00:55.900000
4EKFA417,CoolStationAL4PML9,TASJR91,9,47226.760000,47609.560000,382.780020,2026-04-13 19:00:55.900000,2026-04-13 19:07:18.700000
4EKFA417,AtmArm-EndEffector11,TASJR91,9,47609.560000,47615.160000,5.530020,2026-04-13 19:07:18.700000,2026-04-13 19:07:24.300000
4EKFA417,AtmArm-EndEfferctor11,TASJR91,17,47675.160000,47690.007000,14.820000,2026-04-13 19:08:24.300000,2026-04-13 19:08:39.147000
4EKFA417,AirLock1-iSlot1,TASJR91,17,47690.007000,47717.720000,27.720000,2026-04-13 19:08:39.147000,2026-04-13 19:09:06.860000
4EKFA417,TransferChamber-EndEffector2,TASJR91,17,47717.720000,47732.670000,14.950020,2026-04-13 19:09:06.860000,2026-04-13 19:09:21.810000
4EKFA417,PM2-PML1,TASJR91,17,47732.670000,47913.590000,180.919980,2026-04-13 19:09:21.810000,2026-04-13 19:12:22.730000
4EKFA417,TransferChamber-EndEffector2,TASJR91,17,47913.590000,47920.360000,6.769980,2026-04-13 19:12:22.730000,2026-04-13 19:12:29.500000
4EKFA417,PM5-PML1,TASJR91,17,47920.360000,47977.750000,57.390000,2026-04-13 19:12:29.500000,2026-04-13 19:13:26.890000
4EKFA417,TransferChamber-EndEffector2,TASJR91,17,47977.750000,47982.090000,4.339980,2026-04-13 19:13:26.890000,2026-04-13 19:13:31.230000
4EKFA417,AirLock2-oSlot1,TASJR91,17,47982.090000,48003.050000,2.095998,2026-04-13 19:13:31.230000,2026-04-13 19:13:52.190000
4EKFA417,AtmArm-EndEffector11,TASJR91,17,48003.050000,48008.002000,4.950000,2026-04-13 19:13:52.190000,2026-04-13 19:13:57.142000
4EKFA417,CoolStationAL1PM7,TASJR91,17,48008.002000,48252.015000,244.009980,2026-04-13 19:13:57.142000,2026-04-13 19:18:01.155000
4EKFA417,AtmArm-EndEffector11,TASJR91,17,48252.015000,48255.580000,3.570000,2026-04-13 19:18:01.155000,2026-04-13 19:18:04.720000
4EKFA417,CoolStationAL3PML17,TASJR91,17,48255.580000,48619.120000,363.540000,2026-04-13 19:18:04.720000,2026-04-13 19:24:08.260000
4EKFA417,AtmArm-EndEfferctor11,TASJR91,17,48619.120000,48621.690000,2.569980,2026-04-13 19:24:08.260000,2026-04-13 19:24:10.830000
4EKFA417,AtmArm-EndEfferctor11,TASJR91,9,48407.130000,48421.380000,14.250000,2026-04-13 19:20:36.270000,2026-04-13 19:20:50.520000
4EKFA417,AirLock1-iSlot1,TASJR91,9,48421.380000,48484.080000,62.700000,2026-04-13 19:20:50.520000,2026-04-13 19:21:53.220000
4EKFA417,TransferChamber-EndEffector2,TASJR91,9,48484.080000,48532.420000,48.360000,2026-04-13 19:21:53.220000,2026-04-13 19:22:41.560000
4EKFA417,PM3PML1,TASJR91,9,48532.420000,48711.620000,179.149980,2026-04-13 19:22:41.560000,2026-04-13 19:25:40.760000
4EKFA417,TransferChamber-EndEffector2,TASJR91,9,48711.620000,48717.620000,6.000000,2026-04-13 19:25:40.760000,2026-04-13 19:25:46.760000
4EKFA417,PM5-PML1,TASJR91,9,48717.620000,48776.020000,58.390020,2026-04-13 19:25:46.760000,2026-04-13 19:26:45.160000
4EKFA417,TransferChamber-EndEffector2,TASJR91,9,48776.020000,48779.020000,3.000000,2026-04-13 19:26:45.160000,2026-04-13 19:26:48.160000
4EKFA417,AirLock2-oSlot1,TASJR91,9,48779.020000,48801.420000,22.429980,2026-04-13 19:26:48.160000,2026-04-13 19:27:10.560000
4EKFA417,AtmArm-EndEffector11,TASJR91,9,48801.420000,48805.720000,4.260000,2026-04-13 19:27:10.560000,2026-04-13 19:27:14.860000
4EKFA417,CoolStationAL1PML5,TASJR91,9,48805.720000,49055.720000,250.069980,2026-04-13 19:27:14.860000,2026-04-13 19:31:24.860000
4EKFA417,AtmArm-EndEffector11,TASJR91,9,49055.720000,49060.420000,4.699980,2026-04-13 19:31:24.860000,2026-04-13 19:31:29.560000
4EKFA417,CoolStationAL4PML9,TASJR91,9,49060.420000,49443.220000,382.780020,2026-04-13 19:31:29.560000,2026-04-13 19:37:52.360000
4EKFA417,AtmArm-EndEffector11,TASJR91,9,49443.220000,49448.820000,5.530020,2026-04-13 19:37:52.360000,2026-04-13 19:37:57.960000
4EKFA417,AtmArm-EndEfferctor11,TASJR91,17,49508.820000,49523.667000,14.820000,2026-04-13 19:38:57.960000,2026-04-13 19:39:12.807000
4EKFA417,AirLock1-iSlot1,TASJR91,17,49523.667000,49551.380000,27.720000,2026-04-13 19:39:12.807000,2026-04-13 19:39:40.520000
4EKFA417,TransferChamber-EndEffector2,TASJR91,17,49551.380000,49566.330000,14.950020,2026-04-13 19:39:40.520000,2026-04-13 19:39:55.470000
4EKFA417,PM2-PML1,TASJR91,17,49566.330000,49747.250000,180.919980,2026-04-13 19:39:55.470000,2026-04-13 19:42:56.390000
4EKFA417,TransferChamber-EndEffector2,TASJR91,17,49747.250000,49754.020000,6.769980,2026-04-13 19:42:56.390000,2026-04-13 19:43:03.160000
4EKFA417,PM5-PML1,TASJR91,17,49754.020000,49811.410000,57.390000,2026-04-13 19:43:03.160000,2026-04-13 19:44:00.550000
4EKFA417,TransferChamber-EndEffector2,TASJR91,17,49811.410000,49815.750000,4.339980,2026-04-13 19:44:00.550000,2026-04-13 19:44:04.890000
4EKFA417,AirLock2-oSlot1,TASJR91,17,49815.750000,49836.710000,2.095998,2026-04-13 19:44:04.890000,2026-04-13 19:44:25.850000
4EKFA417,AtmArm-EndEffector11,TASJR91,17,49836.710000,49841.662000,4.950000,2026-04-13 19:44:25.850000,2026-04-13 19:44:30.802000
4EKFA417,CoolStationAL1PM7,TASJR91,17,49841.662000,50085.675000,244.009980,2026-04-13 19:44:30.802000,2026-04-13 19:48:34.815000
4EKFA417,AtmArm-EndEffector11,TASJR91,17,50085.675000,50089.240000,3.570000,2026-04-13 19:48:34.815000,2026-04-13 19:48:38.380000
4EKFA417,CoolStationAL3PML17,TASJR91,17,50089.240000,50452.780000,363.540000,2026-04-13 19:48:38.380000,2026-04-13 19:54:41.920000
4EKFA417,AtmArm-EndEfferctor11,TASJR91,17,50452.780000,50455.350000,2.569980,2026-04-13 19:54:41.920000,2026-04-13 19:54:44.490000
4EKFA417,AtmArm-EndEfferctor11,TASJR91,9,50240.790000,50255.040000,14.250000,2026-04-13 19:51:09.930000,2026-04-13 19:51:24.180000
4EKFA417,AirLock1-iSlot1,TASJR91,9,50255.040000,50317.740000,62.700000,2026-04-13 19:51:24.180000,2026-04-13 19:52:26.880000
4EKFA417,TransferChamber-EndEffector2,TASJR91,9,50317.740000,50366.080000,48.360000,2026-04-13 19:52:26.880000,2026-04-13 19:53:15.220000
4EKFA417,PM3PML1,TASJR91,9,50366.080000,50545.280000,179.149980,2026-04-13 19:53:15.220000,2026-04-13 19:56:14.420000
4EKFA417,TransferChamber-EndEffector2,TASJR91,9,50545.280000,50551.280000,6.000000,2026-04-13 19:56:14.420000,2026-04-13 19:56:20.420000
4EKFA417,PM5-PML1,TASJR91,9,50551.280000,50609.680000,58.390020,2026-04-13 19:56:20.420000,2026-04-13 19:57:18.820000
4EKFA417,TransferChamber-EndEffector2,TASJR91,9,50609.680000,50612.680000,3.000000,2026-04-13 19:57:18.820000,2026-04-13 19:57:21.820000
4EKFA417,AirLock2-oSlot1,TASJR91,9,50612.680000,50635.080000,22.429980,2026-04-13 19:57:21.820000,2026-04-13 19:57:44.220000
4EKFA417,AtmArm-EndEffector11,TASJR91,9,50635.080000,50639.380000,4.260000,2026-04-13 19:57:44.220000,2026-04-13 19:57:48.520000
4EKFA417,CoolStationAL1PML5,TASJR91,9,50639.380000,50889.380000,250.069980,2026-04-13 19:57:48.520000,2026-04-13 20:01:58.520000
4EKFA417,AtmArm-EndEffector11,TASJR91,9,50889.380000,50894.080000,4.699980,2026-04-13 20:01:58.520000,2026-04-13 20:02:03.220000
4EKFA417,CoolStationAL4PML9,TASJR91,9,50894.080000,51276.880000,382.780020,2026-04-13 20:02:03.220000,2026-04-13 20:08:26.020000
4EKFA417,AtmArm-EndEffector11,TASJR91,9,51276.880000,51282.480000,5.530020,2026-04-13 20:08:26.020000,2026-04-13 20:08:31.620000
4EKFA417,AtmArm-EndEfferctor11,TASJR91,17,51342.480000,51357.327000,14.820000,2026-04-13 20:09:31.620000,2026-04-13 20:09:46.467000
4EKFA417,AirLock1-iSlot1,TASJR91,17,51357.327000,51385.040000,27.720000,2026-04-13 20:09:46.467000,2026-04-13 20:10:14.180000
4EKFA417,TransferChamber-EndEffector2,TASJR91,17,51385.040000,51399.990000,14.950020,2026-04-13 20:10:14.180000,2026-04-13 20:10:29.130000
4EKFA417,PM2-PML1,TASJR91,17,51399.990000,51580.910000,180.919980,2026-04-13 20:10:29.130000,2026-04-13 20:13:30.050000
4EKFA417,TransferChamber-EndEffector2,TASJR91,17,51580.910000,51587.680000,6.769980,2026-04-13 20:13:30.050000,2026-04-13 20:13:36.820000
4EKFA417,PM5-PML1,TASJR91,17,51587.680000,51645.070000,57.390000,2026-04-13 20:13:36.820000,2026-04-13 20:14:34.210000
4EKFA417,TransferChamber-EndEffector2,TASJR91,17,51645.070000,51649.410000,4.339980,2026-04-13 20:14:34.210000,2026-04-13 20:14:38.550000
4EKFA417,AirLock2-oSlot1,TASJR91,17,51649.410000,51670.370000,2.095998,2026-04-13 20:14:38.550000,2026-04-13 20:14:59.510000
4EKFA417,AtmArm-EndEffector11,TASJR91,17,51670.370000,51675.322000,4.950000,2026-04-13 20:14:59.510000,2026-04-13 20:15:04.462000
4EKFA417,CoolStationAL1PM7,TASJR91,17,51675.322000,51919.335000,244.009980,2026-04-13 20:15:04.462000,2026-04-13 20:19:08.475000
4EKFA417,AtmArm-EndEffector11,TASJR91,17,51919.335000,51922.900000,3.570000,2026-04-13 20:19:08.475000,2026-04-13 20:19:12.040000
4EKFA417,CoolStationAL3PML17,TASJR91,17,51922.900000,52286.440000,363.540000,2026-04-13 20:19:12.040000,2026-04-13 20:25:15.580000
4EKFA417,AtmArm-EndEfferctor11,TASJR91,17,52286.440000,52289.010000,2.569980,2026-04-13 20:25:15.580000,2026-04-13 20:25:18.150000
4EKFA417,AtmArm-EndEfferctor11,TASJR91,9,52074.450000,52088.700000,14.250000,2026-04-13 20:21:43.590000,2026-04-13 20:21:57.840000
4EKFA417,AirLock1-iSlot1,TASJR91,9,52088.700000,52151.400000,62.700000,2026-04-13 20:21:57.840000,2026-04-13 20:23:00.540000
4EKFA417,TransferChamber-EndEffector2,TASJR91,9,52151.400000,52199.740000,48.360000,2026-04-13 20:23:00.540000,2026-04-13 20:23:48.880000
4EKFA417,PM3PML1,TASJR91,9,52199.740000,52378.940000,179.149980,2026-04-13 20:23:48.880000,2026-04-13 20:26:48.080000
4EKFA417,TransferChamber-EndEffector2,TASJR91,9,52378.940000,52384.940000,6.000000,2026-04-13 20:26:48.080000,2026-04-13 20:26:54.080000
4EKFA417,PM5-PML1,TASJR91,9,52384.940000,52443.340000,58.390020,2026-04-13 20:26:54.080000,2026-04-13 20:27:52.480000
4EKFA417,TransferChamber-EndEffector2,TASJR91,9,52443.340000,52446.340000,3.000000,2026-04-13 20:27:52.480000,2026-04-13 20:27:55.480000
4EKFA417,AirLock2-oSlot1,TASJR91,9,52446.340000,52468.740000,22.429980,2026-04-13 20:27:55.480000,2026-04-13 20:28:17.880000
4EKFA417,AtmArm-EndEffector11,TASJR91,9,52468.740000,52473.040000,4.260000,2026-04-13 20:28:17.880000,2026-04-13 20:28:22.180000
4EKFA417,CoolStationAL1PML5,TASJR91,9,52473.040000,52723.040000,250.069980,2026-04-13 20:28:22.180000,2026-04-13 20:32:32.180000
4EKFA417,AtmArm-EndEffector11,TASJR91,9,52723.040000,52727.740000,4.699980,2026-04-13 20:32:32.180000,2026-04-13 20:32:36.880000
4EKFA417,CoolStationAL4PML9,TASJR91,9,52727.740000,53110.540000,382.780020,2026-04-13 20:32:36.880000,2026-04-13 20:38:59.680000
4EKFA417,AtmArm-EndEffector11,TASJR91,9,53110.540000,53116.140000,5.530020,2026-04-13 20:38:59.680000,2026-04-13 20:39:05.280000
4EKFA417,AtmArm-EndEfferctor11,TASJR91,17,53176.140000,53190.987000,14.820000,2026-04-13 20:40:05.280000,2026-04-13 20:40:20.127000
4EKFA417,AirLock1-iSlot1,TASJR91,17,53190.987000,53218.700000,27.720000,2026-04-13 20:40:20.127000,2026-04-13 20:40:47.840000
4EKFA417,TransferChamber-EndEffector2,TASJR91,17,53218.700000,53233.650000,14.950020,2026-04-13 20:40:47.840000,2026-04-13 20:41:02.790000
4EKFA417,PM2-PML1,TASJR91,17,53233.650000,53414.570000,180.919980,2026-04-13 20:41:02.790000,2026-04-13 20:44:03.710000
4EKFA417,TransferChamber-EndEffector2,TASJR91,17,53414.570000,53421.340000,6.769980,2026-04-13 20:44:03.710000,2026-04-13 20:44:10.480000
4EKFA417,PM5-PML1,TASJR91,17,53421.340000,53478.730000,57.390000,2026-04-13 20:44:10.480000,2026-04-13 20:45:07.870000
4EKFA417,TransferChamber-EndEffector2,TASJR91,17,53478.730000,53483.070000,4.339980,2026-04-13 20:45:07.870000,2026-04-13 20:45:12.210000
4EKFA417,AirLock2-oSlot1,TASJR91,17,53483.070000,53504.030000,2.095998,2026-04-13 20:45:12.210000,2026-04-13 20:45:33.170000
4EKFA417,AtmArm-EndEffector11,TASJR91,17,53504.030000,53508.982000,4.950000,2026-04-13 20:45:33.170000,2026-04-13 20:45:38.122000
4EKFA417,CoolStationAL1PM7,TASJR91,17,53508.982000,53752.995000,244.009980,2026-04-13 20:45:38.122000,2026-04-13 20:49:42.135000
4EKFA417,AtmArm-EndEffector11,TASJR91,17,53752.995000,53756.560000,3.570000,2026-04-13 20:49:42.135000,2026-04-13 20:49:45.700000
4EKFA417,CoolStationAL3PML17,TASJR91,17,53756.560000,54120.100000,363.540000,2026-04-13 20:49:45.700000,2026-04-13 20:55:49.240000
4EKFA417,AtmArm-EndEfferctor11,TASJR91,17,54120.100000,54122.670000,2.569980,2026-04-13 20:55:49.240000,2026-04-13 20:55:51.810000
4EKFA417,AtmArm-EndEfferctor11,TASJR91,9,53908.110000,53922.360000,14.250000,2026-04-13 20:52:17.250000,2026-04-13 20:52:31.500000
4EKFA417,AirLock1-iSlot1,TASJR91,9,53922.360000,53985.060000,62.700000,2026-04-13 20:52:31.500000,2026-04-13 20:53:34.200000
4EKFA417,TransferChamber-EndEffector2,TASJR91,9,53985.060000,54033.400000,48.360000,2026-04-13 20:53:34.200000,2026-04-13 20:54:22.540000
4EKFA417,PM3PML1,TASJR91,9,54033.400000,54212.600000,179.149980,2026-04-13 20:54:22.540000,2026-04-13 20:57:21.740000
4EKFA417,TransferChamber-EndEffector2,TASJR91,9,54212.600000,54218.600000,6.000000,2026-04-13 20:57:21.740000,2026-04-13 20:57:27.740000
4EKFA417,PM5-PML1,TASJR91,9,54218.600000,54277.000000,58.390020,2026-04-13 20:57:27.740000,2026-04-13 20:58:26.140000
4EKFA417,TransferChamber-EndEffector2,TASJR91,9,54277.000000,54280.000000,3.000000,2026-04-13 20:58:26.140000,2026-04-13 20:58:29.140000
4EKFA417,AirLock2-oSlot1,TASJR91,9,54280.000000,54302.400000,22.429980,2026-04-13 20:58:29.140000,2026-04-13 20:58:51.540000
4EKFA417,AtmArm-EndEffector11,TASJR91,9,54302.400000,54306.700000,4.260000,2026-04-13 20:58:51.540000,2026-04-13 20:58:55.840000
4EKFA417,CoolStationAL1PML5,TASJR91,9,54306.700000,54556.700000,250.069980,2026-04-13 20:58:55.840000,2026-04-13 21:03:05.840000
4EKFA417,AtmArm-EndEffector11,TASJR91,9,54556.700000,54561.400000,4.699980,2026-04-13 21:03:05.840000,2026-04-13 21:03:10.540000
4EKFA417,CoolStationAL4PML9,TASJR91,9,54561.400000,54944.200000,382.780020,2026-04-13 21:03:10.540000,2026-04-13 21:09:33.340000
4EKFA417,AtmArm-EndEffector11,TASJR91,9,54944.200000,54949.800000,5.530020,2026-04-13 21:09:33.340000,2026-04-13 21:09:38.940000
